...1,root,N_ext,V_tot,extendibility,dictionary
0,ACE,976,13470,4.162698542531993,French
1,ADO,46,413,1.1975577973120002,French
2,AGE,812,8493,4.962113929555998,French
3,AGI,138,1211,3.6836052669599977,French
4,AID,136,1274,3.0314375232799975,French
5,AIE,2111,23187,5.032559255909997,French
6,AIL,395,4297,2.2486015708500027,French
7,AIR,386,4217,2.609201651261996,French
8,AIS,2213,21269,8.130202084440006,French
9,AIT,591,5667,2.485955122351995,French
10,ALE,1640,17693,5.247006584307988,French
11,ALU,109,1083,1.0048709523079993,French
12,AME,852,9279,5.449403298011997,French
13,AMI,173,1699,3.070784337655997,French
14,ANE,1428,15129,4.269955773283995,French
15,ANI,155,1430,1.236802108464,French
16,ANS,1214,11603,6.1960244538459825,French
17,API,96,976,1.5619171176160005,French
18,ARC,49,605,2.593059569,French
19,ARE,1318,14893,5.218218691643993,French
20,ARS,985,9535,5.048383635119997,French
21,ART,165,1732,1.409424848544,French
22,ASE,1675,19116,3.766362972615995,French
23,AUX,41,696,5.50290216,French
24,AVE,396,5080,4.513502712108001,French
25,AXE,45,749,7.1554988128,French
26,AYS,48,836,2.5604817975399987,French
27,BAC,9,80,1.5681599999999998,French
28,BAH,9,98,1.2058632,French
29,BAI,515,5597,5.666365973831992,French
30,BAL,120,1392,2.310684376799999,French
31,BAN,158,1688,2.745736665055998,French
32,BAR,45,489,1.0756032883679998,French
33,BAS,804,8439,9.781069589771992,French
34,BAT,395,4229,6.900006019694,French
35,BAU,21,246,1.747402848,French
36,BEA,92,848,2.6430822886799987,French
37,BEC,1,8,0.48,French
38,BEL,89,819,3.002386931160003,French
39,BEN,91,848,3.397778029407999,French
40,BER,59,632,3.0327396210599984,French
41,BEU,62,603,2.2667970493199996,French
42,BEY,1,15,0.8999999999999999,French
43,BIC,1,8,0.48,French
44,BIO,41,384,0.983068324544,French
45,BIP,27,290,3.0103582319999993,French
46,BIS,598,6039,7.425676044785994,French
47,BIT,130,1290,3.971916567119998,French
48,BLE,577,6518,5.752569108143998,French
49,BOA,69,715,1.056186537536,French
50,BOF,0,0,0,French
51,BOG,66,743,2.2863124162400013,French
52,BOL,24,222,0.840316870368,French
53,BON,103,1103,1.343735404648,French
54,BOP,1,8,0.48,French
55,BOT,463,5175,4.974326095243997,French
56,BOX,22,388,4.6546681439999995,French
57,BOY,3,48,1.4106,French
58,BRU,126,1259,2.5451139448560003,French
59,BUE,662,7409,4.089415389035992,French
60,BUG,7,58,0.904728,French
61,BUN,46,420,1.4706428099520004,French
62,BUS,392,3781,8.922926193339991,French
63,BUT,386,3980,4.386508221948,French
64,BYE,33,610,2.80417289472,French
65,CAB,28,351,0.574146060888,French
66,CAF,36,472,2.15666244264,French
67,CAL,462,5333,4.139201861574007,French
68,CAP,426,5728,5.451906312148004,French
69,CAR,130,1699,1.6929230730080005,French
70,CAS,1021,12181,4.439159442908985,French
71,CEP,47,588,2.1024024804600003,French
72,CES,558,6633,2.6497683775670064,French
73,CET,170,1975,1.0835273090639992,French
74,CHU,104,1408,5.653805750657999,French
75,CIF,0,0,0,French
76,CIL,3,19,1.323,French
77,CIS,463,5020,2.342501656529997,French
78,CLE,575,6884,4.195455446513995,French
79,COB,1,8,0.48,French
80,COI,318,3510,2.536920815975999,French
81,COL,158,1596,2.376139587959999,French
82,COM,48,589,1.148596107072,French
83,CON,341,3927,3.551627082472007,French
84,COQ,1,13,0.78,French
85,COR,477,5683,3.284655461590006,French
86,COT,630,7028,7.0220643172299875,French
87,COU,505,5912,3.3679393065199967,French
88,COX,24,422,4.7296921439999995,French
89,CRE,1301,15749,8.02808401877598,French
90,CRI,543,6633,4.936078483268005,French
91,CRU,170,1877,3.711995302980001,French
92,CUL,315,3563,3.633871461156008,French
93,CUT,253,2904,2.8628218466159985,French
94,DAB,26,261,2.3661814267200008,French
95,DAH,3,25,0.9924,French
96,DAL,132,1391,2.509285239919999,French
97,DAM,85,795,4.947538120439996,French
98,DAN,25,215,0.41452052880000007,French
99,DAO,1,5,0.3,French
100,DAW,3,43,1.734,French
101,DEB,1,7,0.42,French
102,DEM,89,911,3.0276000232799993,French
103,DEO,112,1345,0.6825136387360002,French
104,DER,1,5,0.3,French
105,DES,311,2998,2.9258421671399995,French
106,DEY,1,14,0.84,French
107,DIA,64,584,1.783111443968,French
108,DIN,78,708,2.0736283857120004,French
109,DIS,171,1548,3.0504443797079976,French
110,DIT,330,3339,4.3565328003599975,French
111,DIX,0,0,0,French
112,DOC,7,70,1.5021999999999998,French
113,DOL,62,488,2.9981392677759975,French
114,DOM,24,236,1.9171935020399995,French
115,DON,86,751,2.218737184223999,French
116,DOP,63,689,3.23644955664,French
117,DOS,257,2328,6.583003512011997,French
118,DOT,113,937,3.7207227488399974,French
119,DRU,12,103,1.22826,French
120,DRY,1,14,0.84,French
121,DUB,1,7,0.42,French
122,DUC,33,396,1.6702439234400004,French
123,DUE,135,1318,2.9104540835839994,French
124,DUO,1,5,0.3,French
125,DUR,30,230,1.947245454,French
126,DUS,61,512,3.34219637368,French
127,DUT,26,212,0.6325777888000002,French
128,DZO,1,14,0.84,French
129,EAU,47,690,1.0806401439999995,French
130,ECO,260,3065,1.4409135390119998,French
131,ECU,365,4244,2.615816577335996,French
132,EGO,2,11,0.268,French
133,ELU,140,1255,2.476580011296,French
134,EMU,166,1782,2.9693162248099996,French
135,EON,216,2165,0.836460495568,French
136,EPI,397,4845,3.532164707364002,French
137,ERG,1,5,0.3,French
138,ERS,646,6563,3.735557822691994,French
139,EST,147,1440,1.7063212750799988,French
140,ETA,612,5664,3.1397010860719963,French
141,EUH,8,80,0.624418,French
142,EUS,396,3966,2.1997195800600005,French
143,EUT,78,762,0.9004103148000001,French
144,EUX,73,1260,4.0172073056,French
145,EXO,44,838,1.9411481253599996,French
146,FAC,105,1542,3.400945465559999,French
147,FAN,142,1604,4.2330571427680015,French
148,FAQ,1,14,0.84,French
149,FAR,99,1113,3.9828636839999985,French
150,FAT,116,1278,5.351367367159998,French
151,FAX,28,520,7.355181319999998,French
152,FER,111,1286,2.782868529079998,French
153,FEU,48,620,3.5053580399999995,French
154,FEZ,10,197,1.518792,French
155,FIA,35,402,2.18079974,French
156,FIC,10,105,2.2091700000000003,French
157,FIE,264,3164,6.039471941416004,French
158,FIL,114,1211,5.380210763280003,French
159,FIN,117,1378,4.603222547720006,French
160,FIS,247,2623,7.294960459200006,French
161,FIT,107,1159,3.414058970159998,French
162,FIU,6,70,1.50789,French
163,FLA,135,1472,4.281470953712002,French
164,FOB,0,0,0,French
165,FOC,6,57,1.632,French
166,FOG,1,8,0.48,French
167,FOI,62,663,3.13400243024,French
168,FOL,4,48,0.7686000000000001,French
169,FON,160,1977,3.672077318071997,French
170,FOR,226,2747,4.2169053538679995,French
171,FOU,150,1796,2.8989163951799974,French
172,FOX,4,68,2.9598,French
173,FUI,73,748,3.2837878502399995,French
174,FUN,19,249,1.8384015936,French
175,FUR,14,127,1.1191016192,French
176,FUS,156,1731,6.647641844040005,French
177,FUT,139,1526,4.351174362739999,French
178,GAI,246,2214,3.7539611767679935,French
179,GAL,125,1133,3.4318052594399973,French
180,GAN,212,1955,1.7607447147039994,French
181,GAP,1,7,0.42,French
182,GAY,3,43,1.734,French
183,GAZ,25,416,4.537862807999998,French
184,GEL,46,365,2.1338969256,French
185,GEO,1,5,0.3,French
186,GEX,0,0,0,French
187,GIF,3,25,0.9924,French
188,GIN,133,1279,1.1172506545919996,French
189,GIS,222,1999,3.1837448340519967,French
190,GIT,76,635,2.6204958507999976,French
191,GLU,30,233,2.3963464479999996,French
192,GOI,5,52,0.6126,French
193,GON,65,612,1.849900340112,French
194,GOS,34,303,2.0387274679999994,French
195,GOY,5,74,2.6694,French
196,GRE,628,6241,6.18171636989199,French
197,GUE,279,2884,3.8230643125759936,French
198,GUI,25,184,1.8615812988,French
199,GUR,62,527,1.6427760911999996,French
200,GUS,159,1424,2.9901400435599985,French
201,GYM,3,46,1.8768,French
202,HAI,233,3033,5.095116473167998,French
203,HAN,110,1383,2.5243642529919996,French
204,HEM,15,170,1.4597585263200004,French
205,HEP,0,0,0,French
206,HEU,38,432,0.567544367184,French
207,HIA,69,834,1.75945374128,French
208,HIC,15,217,0.258481737472,French
209,HIE,235,3351,3.7717400077919985,French
210,HIP,32,465,0.519183664096,French
211,HIT,90,1131,2.7840035873039986,French
212,HOP,74,1236,1.7470015675839998,French
213,HOT,50,535,3.0085163848800005,French
214,HOU,48,535,3.38397984768,French
215,HUA,40,386,2.4169702976,French
216,HUB,1,9,0.54,French
217,HUE,183,2260,4.473432485487996,French
218,HUI,20,187,1.639927956,French
219,HUM,65,740,3.4423784844800007,French
220,HUN,28,284,1.6614131613600005,French
221,IBN,1,6,0.36,French
222,IBO,3,21,0.5096,French
223,IDE,318,3518,3.885822623319996,French
224,IFS,62,822,2.36038963996,French
225,ILE,925,10178,2.9743135146899986,French
226,ILS,316,3011,2.8557798869600006,French
227,ION,833,8413,0.9940084333959952,French
228,IPE,187,2199,1.88117938504,French
229,IRA,607,5425,3.098084455123995,French
230,IRE,683,8072,3.780111558460996,French
231,ISO,14,117,0.16182370608000005,French
232,IVE,210,2558,3.600972972795998,French
233,IXA,25,394,4.8013882400000005,French
234,IXE,49,839,6.6388073696,French
235,JAB,1,13,0.78,French
236,JAM,1,12,0.72,French
237,JAN,15,192,3.642774399999999,French
238,JAR,5,63,1.10568,French
239,JAS,83,1225,7.501595655359999,French
240,JET,62,938,6.161307969599998,French
241,JEU,35,541,1.1028608288599997,French
242,JOB,1,13,0.78,French
243,JUS,0,0,0,French
244,KAN,19,316,5.380365619999999,French
245,KAS,39,632,6.668764267999998,French
246,KAT,25,381,5.642681047999999,French
247,KEA,5,75,1.632096,French
248,KEN,7,102,2.8885440000000004,French
249,KET,1,13,0.78,French
250,KHI,0,0,0,French
251,KID,1,14,0.84,French
252,KIF,45,909,9.622099536479997,French
253,KIL,5,67,2.4408000000000003,French
254,KIP,3,46,1.8575999999999997,French
255,KIR,1,13,0.78,French
256,KIT,5,67,3.548,French
257,KOB,1,15,0.8999999999999999,French
258,KOI,1,13,0.78,French
259,KOP,1,15,0.8999999999999999,French
260,KOT,24,371,5.315831472,French
261,KRU,3,40,1.6104,French
262,KSI,0,0,0,French
263,KWA,3,67,3.4242,French
264,KYU,1,22,1.3199999999999998,French
265,LAC,245,2814,3.848553163240004,French
266,LAD,134,1305,1.947030662048001,French
267,LAI,508,5001,2.698419209927995,French
268,LAO,3,17,0.3683999999999999,French
269,LAS,631,6029,3.0600603344080004,French
270,LED,5,31,0.8784000000000001,French
271,LEI,0,0,0,French
272,LEK,1,13,0.78,French
273,LEM,5,33,0.9532,French
274,LES,1465,13964,5.860918867197994,French
275,LET,256,2381,1.4591785518719975,French
276,LEU,175,1726,1.2113945150079992,French
277,LEV,144,1652,3.2146918428480005,French
278,LEZ,207,3682,1.7735715410079986,French
279,LIA,459,3858,3.1643180884319917,French
280,LIE,1581,16985,6.27340501640998,French
281,LIN,484,4547,2.1782192803979994,French
282,LIS,1157,10940,6.028116195090013,French
283,LIT,386,3501,4.241665698836,French
284,LOA,181,1770,1.198026440783999,French
285,LOB,38,347,3.01335365484,French
286,LOF,26,242,3.3913695359999996,French
287,LOG,201,2024,2.659552972604,French
288,LOI,85,693,2.068937315304,French
289,LOS,337,3283,3.1331864506639975,French
290,LOT,166,1553,2.8920372740879996,French
291,LUE,600,7002,3.2021991612479965,French
292,LUI,36,329,0.673108683808,French
293,LUO,22,248,0.402682447328,French
294,LUS,349,3336,4.411291433262005,French
295,LUT,194,1821,3.2483464874960024,French
296,LUX,39,688,4.453404657920002,French
297,LYS,21,329,4.034184192000001,French
298,MAC,112,1625,1.21964821856,French
299,MAI,436,4150,5.015797401311993,French
300,MAL,172,1743,3.2610430728799984,French
301,MAN,397,3745,3.123667881255998,French
302,MAO,24,200,0.8238488383999999,French
303,MAS,565,5165,5.0679649157879965,French
304,MAT,370,3361,5.177547197119994,French
305,MAX,5,72,3.007,French
306,MEC,1,7,0.42,French
307,MEL,119,1074,3.3628142441439963,French
308,MEO,19,146,0.8308307094399998,French
309,MER,386,3819,2.991868415799995,French
310,MES,835,7983,6.0208680531979955,French
311,MET,203,1822,3.940628830991995,French
312,MIE,699,7409,6.551043023477983,French
313,MIL,106,1098,2.609574113249997,French
314,MIN,261,2507,4.350056387213998,French
315,MIR,163,1505,3.5653805397599987,French
316,MIS,600,5556,8.862500638494005,French
317,MIT,131,1189,3.2610762529199975,French
318,MIX,27,447,4.5066871679999965,French
319,MOA,30,349,1.20134778448,French
320,MOB,1,7,0.42,French
321,MOI,114,1121,2.8284381782999968,French
322,MOL,187,2195,1.1572978267099985,French
323,MON,161,1487,1.5464794958399992,French
324,MOR,121,1263,2.3416122199559983,French
325,MOS,307,2808,4.580667123605994,French
326,MOT,95,848,1.8668463219600004,French
327,MOU,176,1911,2.730705062535002,French
328,MOX,2,29,1.341,French
329,MUA,181,1545,2.450798601039999,French
330,MUE,628,6725,5.500655940417984,French
331,MUG,38,343,2.09879968416,French
332,MUR,291,2881,4.222522273911996,French
333,MUS,420,3861,7.224732138072,French
334,MUT,223,2089,5.7891041644799985,French
335,MYE,16,269,3.4867799999999995,French
336,"NAC",1,6,0.36,French
337,"NAY",1,13,0.78,French
338,NEF,5,37,1.3176,French
339,NEM,5,27,1.5328000000000002,French
340,NEO,3,13,0.498,French
341,NES,598,5468,3.840206052907997,French
342,NET,5,24,0.609728,French
343,NEY,1,13,0.78,French
344,NEZ,22,347,2.0513411608,French
345,NIA,31,227,1.08349657568,French
346,NIB,0,0,0,French
347,NID,3,16,0.7824,French
348,NIE,209,1991,2.780178737319998,French
349,NIF,53,607,3.3284408815199997,French
350,NIM,1,5,0.3,French
351,NIT,67,523,2.3526261903599996,French
352,NOM,67,618,1.9505721592800005,French
353,NOS,62,488,1.570555658399999,French
354,NUA,61,427,1.3775630756000004,French
355,NUE,115,1075,1.7536669335200004,French
356,NUI,60,479,1.03375558776,French
357,NUL,1,4,0.24,French
358,NUS,82,640,2.5327884837399997,French
359,OBA,34,290,1.3748355164,French
360,OBI,26,215,2.4255549599999995,French
361,ODE,448,4840,3.109423803135994,French
362,OHE,0,0,0,French
363,OHM,1,8,0.48,French
364,OIE,232,2536,1.880480481568,French
365,OIL,34,303,0.97777136024,French
366,OIS,699,6846,4.360606910569994,French
367,OIT,328,3601,2.1588620423720033,French
368,OKA,7,114,2.2912,French
369,OLA,238,2246,1.5190771958879994,French
370,OLE,1126,12134,2.882226692309993,French
371,ONC,179,2572,1.7552297984799996,French
372,ONT,264,2892,1.6787343551559988,French
373,OPE,221,2767,2.7290391574839994,French
374,ORE,1291,14459,4.68185476438,French
375,ORS,598,5791,3.5181134135320007,French
376,OSA,116,892,1.8594403262879993,French
377,OSE,266,2606,2.166856073391999,French
378,OST,106,929,1.6908231283039992,French
379,OTA,349,3504,3.0641518245919985,French
380,OTE,1038,11489,4.0320387538359945,French
381,OUD,47,484,1.5501460217599998,French
382,OUF,13,113,2.59944,French
383,OUH,152,2321,1.2384510383999987,French
384,OUI,263,2852,2.4558346969299985,French
385,OUT,684,7241,2.708605584615997,French
386,OVE,59,650,2.6636859619199997,French
387,OYE,27,516,2.68124832,French
388,PAF,6,58,1.80064,French
389,PAL,200,2142,3.6906814732800024,French
390,PAN,407,4277,6.149413801479995,French
391,PAR,482,5305,6.887174426755992,French
392,PAS,726,7581,6.11587037698,French
393,PAT,554,5716,5.6521590600759914,French
394,PEC,1,8,0.48,French
395,PET,315,3360,4.332178037748004,French
396,PEU,108,1225,3.2986824509000003,French
397,PHI,0,0,0,French
398,PHO,7,72,1.15690752,French
399,PIC,47,502,2.1125817366,French
400,PIE,1437,17012,8.69302589020397,French
401,PIF,63,902,4.353916209744002,French
402,PIN,599,6745,4.819604118108,French
403,PIS,1082,11637,9.816444751603004,French
404,PIU,13,157,1.100573733,French
405,PLI,247,2727,3.949231460220002,French
406,PLU,9,68,1.387746,French
407,POT,319,3187,5.050594175091998,French
408,POU,51,601,2.0738024993199997,French
409,PRE,878,10427,7.17277986498399,French
410,PRO,84,908,2.367590555256,French
411,PSI,0,0,0,French
412,PST,57,554,0.93888328608,French
413,PSY,1,15,0.8999999999999999,French
414,PUA,64,577,2.6826211891999994,French
415,PUB,2,17,0.5232,French
416,PUE,250,3110,3.4426616457199986,French
417,PUR,190,2112,4.844985057090003,French
418,PUS,190,1940,4.737637374604002,French
419,PUT,79,726,4.529688959759997,French
420,PUY,1,15,0.8999999999999999,French
421,QAT,1,11,0.6599999999999999,French
422,QIN,3,36,0.9156,French
423,QUE,2,23,0.5860000000000001,French
424,QUI,8,102,3.333812,French
425,RAB,37,368,1.6249837788,French
426,RAC,193,2211,4.834936533759994,French
427,RAD,244,2285,3.863870046207995,French
428,RAI,1306,12945,5.707421403701998,French
429,RAM,309,3170,3.2387550649479966,French
430,RAP,238,2861,3.402307693176001,French
431,RAS,1765,17854,7.176749762233999,French
432,RAT,622,6042,3.748465536692,French
433,RAY,151,2919,5.606745755500002,French
434,RAZ,1,13,0.78,French
435,REA,430,4073,1.8665079952799977,French
436,REG,62,606,1.3956027895599996,French
437,REM,39,385,0.34919200512,French
438,REZ,511,9466,6.488702677655993,French
439,RHE,1,7,0.42,French
440,RHO,0,0,0,French
441,RIA,705,6536,3.5248235175279943,French
442,RIE,1946,23517,4.495100073774,French
443,RIF,45,679,1.13866628576,French
444,RIO,326,3224,0.7000714544399991,French
445,RIS,2095,20938,6.824559050882004,French
446,RIT,393,3835,2.2819116844279996,French
447,RIZ,386,7234,3.656844567750004,French
448,ROB,44,393,2.5616366346,French
449,ROC,31,358,1.4823847726399997,French
450,ROI,244,2476,1.492855639128,French
451,ROM,12,115,0.31306479119999986,French
452,ROS,804,7832,4.594701682039994,French
453,ROT,247,2200,2.8997930660719984,French
454,RUA,170,1660,1.7351915090400003,French
455,RUE,686,7369,3.327476605863993,French
456,RUS,378,3640,4.0865940489920005,French
457,RUT,146,1499,1.0523768326479996,French
458,RUZ,57,1036,2.4993353632799984,French
459,RYE,95,1938,2.489724077964,French
460,SAC,3,37,0.5196,French
461,SAI,304,2544,4.026612003679993,French
462,SAL,233,2026,2.902993191663998,French
463,SAR,144,1131,2.466080990447999,French
464,SAX,6,83,2.9600399999999993,French
465,SEC,3,19,0.7452,French
466,SEL,13,86,0.7297228000000001,French
467,SEN,190,1646,2.3271009921279977,French
468,SEP,4,25,1.1052,French
469,SET,160,1526,1.559535114959999,French
470,SIC,18,153,1.0898451999999996,French
471,SIL,87,710,2.6637241067199993,French
472,SIR,27,234,1.2882725293199997,French
473,SIX,0,0,0,French
474,SKA,21,303,4.971801048,French
475,SKI,42,682,8.55788603104,French
476,SOC,1,6,0.36,French
477,SOI,38,270,2.20770535456,French
478,SOL,154,1370,2.187581381047999,French
479,SOM,19,141,1.1646185712,French
480,SON,195,1756,2.1998758554399984,French
481,SOT,45,360,1.745529875968,French
482,SOU,159,1522,1.6370478932999997,French
483,SPA,51,421,2.259562141439999,French
484,SPI,24,198,1.6199972892159995,French
485,SUA,93,839,1.3764813694400004,French
486,SUC,89,920,2.9887561225200012,French
487,SUD,4,26,0.4712,French
488,SUE,526,5531,3.213817889979997,French
489,SUP,78,800,2.6139238780800023,French
490,SUR,437,4378,3.256235899599998,French
491,SUT,183,1689,2.2533970003679977,French
492,TAC,88,901,2.2893331963679993,French
493,TAF,1,7,0.42,French
494,TAG,1,5,0.3,French
495,TAN,371,3379,2.450626510103996,French
496,TAO,106,986,0.9880384974719996,French
497,TAR,279,2486,3.733660309183996,French
498,TAS,626,5719,3.3133797187199963,French
499,TAU,28,262,0.9718015708000004,French
500,TEC,2,31,0.1596,French
501,TEK,9,127,4.34085,French
502,TEL,115,1201,1.72291262204,French
503,TEP,2,13,0.3852,French
504,TER,296,2823,0.7312344700800002,French
505,TES,1104,10418,4.606690532993991,French
506,TEX,0,0,0,French
507,THE,3,24,0.49686,French
508,TIC,5,52,0.755412,French
509,TIF,1,7,0.42,French
510,TIN,297,2498,3.581280781408003,French
511,TIP,159,1704,3.534420489792001,French
512,TIR,241,2230,2.2606779818279996,French
513,TOC,22,244,1.8072413726399996,French
514,TOF,2,15,0.4488,French
515,TOI,2,9,0.258,French
516,TOM,72,663,2.11757603088,French
517,TON,272,2618,1.2801749357759984,French
518,TOP,49,479,3.4709455723799993,French
519,TOS,496,4604,2.9392186412879995,French
520,TRI,531,5252,3.5750213733680014,French
521,TUA,127,1178,1.7068832818560005,French
522,TUB,41,387,2.402153726159999,French
523,TUE,273,2884,2.3278499708959988,French
524,TUF,7,54,2.18295,French
525,TUS,141,1275,2.0737105935319997,French
526,UDS,18,164,0.38259674063999977,French
527,UNE,298,2690,3.014053834991997,French
528,UNI,58,437,2.2422833456,French
529,UNS,140,1240,1.8847591848,French
530,URE,975,11050,3.3072084842639917,French
531,USA,110,896,1.7524372014399996,French
532,USE,351,3535,2.6189853123199973,French
533,UTE,581,6623,1.6737747731399963,French
534,VAL,160,1858,2.681946047339998,French
535,VAN,22,222,1.516412672,French
536,VAR,40,383,1.9935359129599997,French
537,VAS,220,2484,5.117093172138004,French
538,VAU,49,627,2.59438267125,French
539,VER,95,1043,1.2472217459759998,French
540,VES,481,5196,5.756216494732004,French
541,VET,211,2319,5.2682400563959995,French
542,VIA,152,1553,2.295956492736,French
543,VIE,600,7208,5.791468680249997,French
544,VIF,1,10,0.6,French
545,VIL,187,2243,2.5630051749900016,French
546,VIN,201,2172,5.322130190040005,French
547,VIS,356,3856,8.71480444498,French
548,VIT,110,1192,4.0570615090199995,French
549,VOC,3,28,1.308,French
550,VOL,195,2175,4.440132085999999,French
551,VOS,89,888,2.1693406619999993,French
552,VUE,60,693,1.112619109824,French
553,VUS,27,264,1.6292318411999998,French
554,WAD,1,14,0.84,French
555,WAP,7,108,3.7728,French
556,WAX,0,0,0,French
557,WEB,1,15,0.8999999999999999,French
558,WOH,0,0,0,French
559,WOK,1,22,1.3199999999999998,French
560,WON,1,13,0.78,French
561,WUS,0,0,0,French
562,YAK,5,116,3.9342,French
563,YAM,1,14,0.84,French
564,YEN,1,13,0.78,French
565,YET,3,40,1.8872,French
566,YIN,1,13,0.78,French
567,YOD,1,14,0.84,French
568,YUE,1,13,0.78,French
569,ZEC,1,15,0.8999999999999999,French
570,ZEF,1,16,0.96,French
571,ZEK,1,22,1.3199999999999998,French
572,ZEN,5,73,1.29882,French
573,ZIG,1,14,0.84,French
574,ZIP,1,15,0.8999999999999999,French
575,ZOB,1,15,0.8999999999999999,French
576,ZOE,33,571,1.8878428924799997,French
577,ZOU,21,535,0.29885030751999997,French
578,ZUP,1,15,0.8999999999999999,French
579,ZUT,0,0,0,French
0,ABO,22,276,0.4094183136,English
1,ABS,150,1488,5.321777474656,English
2,ABY,12,130,2.415888,English
3,ACE,512,6345,4.853352079712003,English
4,ACH,255,3363,6.659255317248006,English
5,ACT,41,410,1.8102657807360003,English
6,ADO,21,158,0.8951254143999998,English
7,ADS,370,3367,6.433328207071994,English
8,ADZ,4,60,1.9728,English
9,AFT,27,285,1.758552,English
10,AGE,385,3637,4.124248337727996,English
11,AGO,40,346,1.9975308620799992,English
12,AGS,304,2772,5.482810011519998,English
13,AHI,9,112,0.289031468544,English
14,AHS,60,674,3.3188898219519993,English
15,AID,161,1449,4.449951967231999,English
16,AIL,130,1084,3.1941380179200007,English
17,AIM,14,159,0.6324072448,English
18,AIN,773,8309,4.3987653297359985,English
19,AIR,81,694,2.40686512,English
20,AIS,714,6822,5.214974975583992,English
21,AIT,72,561,2.0818421216000003,English
22,AJI,11,183,0.8152640000000001,English
23,AKE,419,5505,5.784375887808006,English
24,ALB,5,32,1.626,English
25,ALE,762,7219,6.094089946399998,English
26,ALF,27,336,2.9814557004000006,English
27,ALP,36,333,1.6561405391999997,English
28,ALS,625,5560,6.197264315223991,English
29,ALT,61,431,1.673111673600001,English
30,ALU,17,118,0.58118376,English
31,AME,342,3326,4.273408148352001,English
32,AMI,136,1233,3.210885940735998,English
33,AMP,65,713,2.9304679500479995,English
34,AMU,23,211,0.5783563519999998,English
35,AND,203,1909,2.317996639872,English
36,ANE,676,6641,4.147723371599996,English
37,ANI,95,839,1.2089802924800002,English
38,ANS,843,7620,7.689152184871995,English
39,ANT,298,2506,4.274978147103997,English
40,ANY,49,611,1.0873385552,English
41,APE,371,4091,3.9908906488959985,English
42,APO,21,180,1.26173936,English
43,APT,5,39,0.6492,English
44,ARB,61,590,2.1009542912000003,English
45,ARC,27,258,1.585959616,English
46,ARD,374,3691,5.303069251904002,English
47,ARE,958,9078,5.932797046079999,English
48,ARF,7,80,0.6535920000000001,English
49,ARK,103,1301,5.124678186624,English
50,ARM,53,471,1.4836059072,English
51,ARS,1005,9385,8.3313097272159915,English
52,ART,198,1735,3.5994369287039993,English
53,ARY,82,866,5.346859120000002,English
54,ASH,70,766,3.9332212800000006,English
55,ASK,14,143,1.711,English
56,ASP,37,412,1.4371597088,English
57,ATE,1012,9431,3.6447826682879993,English
58,ATS,839,7519,6.96990206847999,English
59,AUE,19,145,0.44573047679999994,English
60,AUF,6,52,0.9616,English
61,AUK,16,190,1.152224,English
62,AVE,321,3482,5.961634584127999,English
63,AVO,7,64,0.940528,English
64,AWE,52,604,1.85319744,English
65,AWK,22,303,3.161488000000001,English
66,AWL,24,248,2.02920928,English
67,AWN,64,680,3.0299030559999993,English
68,AXE,35,473,2.6359265599999997,English
69,AYE,31,333,1.2171240768,English
70,AYS,106,1118,6.092474385920001,English
71,AYU,1,7,0.28,English
72,AZO,12,185,1.4336739200000004,English
73,BAC,57,730,2.263465153024,English
74,BAD,163,1648,5.435639323071997,English
75,BAE,440,4704,4.261617262911995,English
76,BAG,17,161,1.71605824,English
77,BAH,83,1046,3.3006638187520005,English
78,BAL,105,1015,5.309500149375995,English
79,BAM,22,195,2.4241452799999994,English
80,BAN,132,1271,5.119108067072,English
81,BAO,1,6,0.24,English
82,BAP,6,50,1.636,English
83,BAR,179,1742,5.230555363583997,English
84,BAS,481,4813,11.054056445183988,English
85,BAT,192,1784,6.587554466175996,English
86,BAY,46,528,3.736138220800001,English
87,BED,152,1618,4.721548624960001,English
88,BEG,5,37,1.3176,English
89,BEL,25,210,2.2722614336,English
90,BEN,95,893,5.545599815463997,English
91,BES,377,3781,5.963960492719986,English
92,BET,172,1605,6.256545275327996,English
93,BEY,15,160,2.33488,English
94,BEZ,0,0,0,English
95,BID,74,725,3.850378270527999,English
96,BIG,243,2837,3.0837148408639967,English
97,BIN,313,3475,4.725743078480001,English
98,BIO,15,112,1.6187543999999998,English
99,BIS,230,2274,6.886663840511991,English
100,BIT,93,833,4.8106623039999965,English
101,BIZ,12,220,2.2050072,English
102,BOA,67,613,3.222005646399998,English
103,BOD,115,1134,3.7599751393279983,English
104,BOG,119,1427,2.7563706120159996,English
105,BOH,19,215,2.8874478399999997,English
106,BOI,6,41,0.533968,English
107,BOK,71,902,7.289654380799999,English
108,BON,203,2252,4.738656621847995,English
109,BOP,3,25,1.3232,English
110,BOR,114,1068,5.018218784799998,English
111,BOS,302,3024,8.59130847308799,English
112,BOT,87,774,5.652081696799998,English
113,BOW,64,772,2.663557555200001,English
114,BOX,2,33,0.34040000000000004,English
115,BOY,28,317,3.77384176,English
116,BRA,186,2048,4.309770139647998,English
117,BRO,69,689,2.8106369449599993,English
118,BRU,25,218,0.906344032,English
119,BUD,61,566,4.404434134400001,English
120,BUG,13,121,1.25610688,English
121,BUM,8,87,0.687424,English
122,BUN,81,720,3.6224433375999983,English
123,BUR,90,831,4.3997050463999985,English
124,BUS,187,1758,4.7399864494719965,English
125,BUT,92,760,4.8019822719999965,English
126,BUY,21,235,2.1636460800000004,English
127,BYE,34,384,3.969018345599999,English
128,BYS,37,397,5.912041520000001,English
129,CAB,38,408,2.628500245311999,English
130,CAD,134,1397,5.4371538895999985,English
131,CAF,41,619,2.568474894719999,English
132,CAG,41,406,3.120574080000001,English
133,CAL,107,1090,3.4434375024,English
134,CAM,127,1373,5.668799795488001,English
135,CAN,195,2002,4.910537144127999,English
136,CAP,204,2425,7.112063605728004,English
137,CAR,293,3023,4.893675918911999,English
138,CAT,256,2566,4.173323812223996,English
139,CAW,28,337,2.1217376,English
140,CAY,54,679,3.1263723392,English
141,CAZ,1,18,0.36,English
142,CEL,29,242,2.160621664,English
143,CEP,16,172,1.4683881728,English
144,CHA,174,2215,6.980217080479996,English
145,CHE,368,5036,4.994262123583999,English
146,CHI,206,2916,5.529170835071998,English
147,CID,62,665,3.058287610239999,English
148,CIG,1,7,0.28,English
149,CIS,201,2178,2.4002845783679994,English
150,CIT,53,461,3.6693088128,English
151,CLY,21,225,2.7941539200000003,English
152,COB,34,389,0.8318557704959999,English
153,COD,210,2342,6.032752184896001,English
154,COG,19,164,1.618912,English
155,COL,112,1144,4.969436899264,English
156,CON,256,2519,7.096198795095993,English
157,COP,177,2083,5.049554536064002,English
158,COR,203,2056,3.779602730367999,English
159,COS,582,6022,7.807713590303973,English
160,COT,144,1276,5.144555703423998,English
161,COW,52,624,3.1441756416000004,English
162,COX,7,101,2.8669265599999996,English
163,COY,64,839,4.0857817152,English
164,COZ,27,492,3.0587301887999994,English
165,CRU,76,727,2.4572621656319993,English
166,CRY,27,323,2.2576233599999997,English
167,CUB,32,349,2.588324387456,English
168,CUD,57,560,2.6932107814399995,English
169,CUE,267,2740,2.7217063183999968,English
170,CUM,18,174,1.76128384,English
171,CUP,46,477,2.671584875008,English
172,CUR,169,1628,4.728995177343998,English
173,CUT,149,1413,3.7609386835199974,English
174,CUZ,0,0,0,English
175,CWM,1,10,0.4,English
176,DAB,18,159,2.09126528,English
177,DAE,109,981,1.6981110145279998,English
178,DAG,16,125,1.92916784,English
179,DAH,10,90,1.7298400000000005,English
180,DAK,17,198,2.2871744000000005,English
181,DAL,67,483,4.808837952,English
182,DAM,37,331,2.32531408,English
183,DAN,75,615,2.5485549728000003,English
184,DAP,19,188,0.9649227072,English
185,DAS,171,1474,4.507347718783998,English
186,DAW,28,278,4.2986118399999995,English
187,DAY,9,91,1.14363264,English
188,DEB,22,206,2.404930240000001,English
189,DEF,33,346,4.0419803776,English
190,DEG,11,81,0.90241856,English
191,DEI,50,439,1.7249672934400002,English
192,DEL,61,482,4.3169865537279994,English
193,DEN,90,755,3.9853139071999975,English
194,DEP,3,22,1.1584,English
195,DEV,33,325,4.2787895424,English
196,DEW,6,56,1.794,English
197,DEX,3,48,0.326688,English
198,DEY,20,216,2.2177803999999997,English
199,DIB,6,47,1.6056,English
200,DIE,183,1810,2.989739788704001,English
201,DIF,5,51,1.5384000000000002,English
202,DIG,105,1157,0.8147262902399999,English
203,DIM,12,98,1.2502015999999998,English
204,DIN,158,1650,2.4687425211199994,English
205,DIP,10,84,1.36216,English
206,DIS,157,1474,4.468838428479999,English
207,DIT,81,650,5.422878399999998,English
208,DIV,47,508,3.860130562560001,English
209,DOB,25,221,3.324190489599999,English
210,DOC,19,181,1.6111903488,English
211,DOE,255,2317,3.8493550445119977,English
212,DOF,3,34,0.4496,English
213,DOG,74,764,1.8152126500479997,English
214,DOH,8,71,1.26376,English
215,DOL,77,617,3.5342595584,English
216,DOM,20,151,2.45772736,English
217,DON,114,1074,3.5787130370239995,English
218,DOP,34,319,3.613380172799999,English
219,DOR,145,1246,4.485291021824001,English
220,DOS,267,2302,8.145887259856002,English
221,DOT,57,418,3.4572080544,English
222,DOW,48,495,3.5638599168,English
223,DOX,4,60,0.820032,English
224,DOY,25,288,2.693572,English
225,DRY,19,193,3.6655363199999993,English
226,DSO,5,34,0.6180038400000001,English
227,DUB,18,165,1.68278688,English
228,DUE,103,944,2.6475573343999996,English
229,DUG,30,338,1.05054918528,English
230,DUH,2,17,0.3416,English
231,DUI,3,18,0.4544,English
232,DUM,21,176,1.8801464,English
233,DUN,49,480,2.7099112326399992,English
234,DUO,7,52,0.535712,English
235,DUP,28,271,2.13079664,English
236,DUX,1,12,0.96,English
237,DYE,14,144,1.8736,English
238,DZO,3,49,0.9144,English
239,EAN,158,1264,2.9448622773759987,English
240,EAR,323,2891,3.816768505792,English
241,EAS,453,3868,4.878118689663996,English
242,EAT,168,1561,2.770749748736,English
243,EAU,8,68,0.4074479999999999,English
244,ECH,162,2175,7.883175632896,English
245,ECO,20,187,1.45498112,English
246,ECU,3,19,0.6168,English
247,EDH,1,8,0.32,English
248,EDS,152,1332,3.4836634215680005,English
249,EFS,36,364,2.6771795199999997,English
250,EFT,40,416,2.00520432,English
251,EGO,30,211,1.4692352,English
252,EHS,39,442,1.866810582144,English
253,EIK,20,233,1.2470146368,English
254,ELD,70,714,2.342358445952,English
255,ELF,14,140,1.1321920000000003,English
256,ELK,13,173,0.8314345600000002,English
257,ELM,10,91,0.7163280000000001,English
258,ELS,240,2049,4.449432980544003,English
259,ELT,51,399,1.8837831679999997,English
260,EMO,13,99,0.6289041279999998,English
261,EMS,119,1011,3.699131847168,English
262,EMU,5,36,0.8353919999999999,English
263,END,133,1203,2.6768797996480003,English
264,ENG,14,110,0.5557154496,English
265,ENS,473,3914,6.154747857535991,English
266,EON,44,390,1.6877247680000005,English
267,ERA,40,265,0.7110767168,English
268,ERF,16,168,0.9471974592,English
269,ERG,13,85,0.8480921600000002,English
270,ERK,24,276,2.410912,English
271,ERM,47,439,1.49576206816,English
272,ERN,79,630,2.2712570048,English
273,ERS,636,6123,4.659347516591992,English
274,EST,316,2699,4.108406613151997,English
275,ETA,57,444,1.8101766224,English
276,ETH,165,1959,3.645550693343999,English
277,EUK,6,63,1.0572,English
278,EVO,31,354,1.8835082944000003,English
279,EWK,1,11,0.44,English
280,EWT,3,22,0.7192000000000001,English
281,EXO,9,131,0.9616627968,English
282,FAB,5,47,1.3,English
283,FAD,40,407,3.5712187680000005,English
284,FAE,213,2442,3.531953985056001,English
285,FAG,15,137,1.79032512,English
286,FAH,4,46,0.81808,English
287,FAN,81,806,4.941605435712,English
288,FAP,11,127,1.02090496,English
289,FAR,103,1045,7.067340982400003,English
290,FAS,140,1414,5.673909224191999,English
291,FAT,68,658,5.072765767936001,English
292,FAW,9,103,1.499552,English
293,FAX,5,74,2.9544,English
294,FAY,25,312,2.8626142054400003,English
295,FED,48,504,3.5288479999999995,English
296,FEG,3,25,0.6544000000000001,English
297,FEH,3,33,0.6488,English
298,FEM,14,135,2.1966479999999993,English
299,FEN,25,223,3.76235104,English
300,FER,120,1357,4.704564027639999,English
301,FES,141,1435,6.70924026784,English
302,FET,80,739,5.824455566912001,English
303,FEU,7,61,0.68064,English
304,FEW,3,31,0.8176000000000001,English
305,FEY,10,128,0.8733610112000001,English
306,FEZ,0,0,0,English
307,FIB,3,28,0.924,English
308,FID,21,207,2.35917712,English
309,FIE,167,1953,3.104172012816,English
310,FIG,8,75,1.49360832,English
311,FIL,70,686,4.632562567295999,English
312,FIN,70,693,4.8996958805120006,English
313,FIR,126,1449,5.383696777120002,English
314,FIT,84,844,3.079645642879999,English
315,FIX,6,92,2.746508,English
316,FIZ,30,743,1.45203221408,English
317,FLU,44,507,1.684491408,English
318,FLY,17,225,2.4973110336,English
319,FOB,11,134,1.3200938944000002,English
320,FOE,79,846,2.585212169536,English
321,FOG,12,124,1.436912,English
322,FOH,4,44,0.709056,English
323,FON,45,453,3.860270021888001,English
324,FOP,3,28,0.736,English
325,FOR,123,1325,4.0538695429119995,English
326,FOU,28,256,1.5371894528000003,English
327,FOX,2,31,0.9000000000000001,English
328,FOY,8,109,1.147528,English
329,FRA,61,646,3.527325839616001,English
330,FRO,44,472,3.3062484093440005,English
331,FRY,16,203,1.4673213081599996,English
332,FUB,4,41,0.7464,English
333,FUD,18,172,2.7488371199999992,English
334,FUG,18,170,1.8227459199999996,English
335,FUM,14,138,1.7803257599999995,English
336,FUN,36,379,1.8648240512,English
337,FUR,37,347,2.7182392704,English
338,GAB,42,424,1.6969442776319996,English
339,GAD,117,1106,6.278530494207999,English
340,GAE,313,3134,3.4643468772479986,English
341,GAK,4,50,0.6168,English
342,GAL,98,884,4.131363836544,English
343,GAM,108,1003,4.005962219264001,English
344,GAN,103,838,4.315046055296,English
345,GAP,67,676,3.3190178703359994,English
346,GAR,74,556,4.430545823999999,English
347,GAS,319,2820,6.295743627231993,English
348,GAT,101,796,4.685631703295998,English
349,GAU,23,163,1.4122879999999998,English
350,GAW,13,139,1.577184,English
351,GAY,26,305,1.69278432,English
352,GED,120,1220,3.676537111295999,English
353,GEL,16,109,1.7259977775999995,English
354,GEM,6,42,0.88,English
355,GEN,71,509,4.743965251199998,English
356,GEO,1,5,0.2,English
357,GER,270,2592,4.053129591711999,English
358,GET,68,517,2.9567094330879997,English
359,GEY,18,174,1.6421766400000002,English
360,GHI,1,8,0.32,English
361,GIB,17,164,1.6104460032,English
362,GID,49,408,3.308190003200001,English
363,GIE,27,245,1.4380076672,English
364,GIF,7,63,0.878,English
365,GIN,140,1324,3.3509761883999976,English
366,GIO,9,53,1.02368,English
367,GIP,33,340,1.0698083168,English
368,GIS,163,1362,4.909665854855999,English
369,GIT,67,506,3.6695683072,English
370,GJU,1,12,0.48,English
371,GNU,5,29,0.8966240000000001,English
372,GOA,35,251,1.5977875008,English
373,GOB,34,339,2.181312687999999,English
374,GOD,24,212,1.909351104,English
375,GOE,97,859,2.1404144645759997,English
376,GON,63,593,2.4706201107199997,English
377,GOR,76,621,3.6770601184,English
378,GOS,166,1385,5.954144253247996,English
379,GOT,30,235,1.33768496,English
380,GOV,1,8,0.32,English
381,GOX,0,0,0,English
382,GOY,29,308,2.328456928,English
383,GUB,3,22,0.7192000000000001,English
384,GUE,80,612,1.9669131647999991,English
385,GUL,57,459,2.593296352,English
386,GUM,31,276,2.5404443200000006,English
387,GUN,35,282,1.8877894447999992,English
388,GUP,23,235,1.4496043200000004,English
389,GUR,23,155,1.96480608,English
390,GUS,114,885,4.6151719695999995,English
391,GUT,37,269,1.2544814208000004,English
392,GUV,1,8,0.32,English
393,GUY,12,119,0.7424432000000001,English
394,GYM,3,32,0.5896,English
395,GYP,8,95,1.497696,English
396,HAD,163,1936,6.367905815808002,English
397,HAE,353,4173,5.197300386687999,English
398,HAG,34,385,1.58640664,English
399,HAJ,11,196,2.2394879999999997,English
400,HAM,107,1232,4.810701367648,English
401,HAN,109,1197,4.870730627199999,English
402,HAO,39,418,1.2733401728,English
403,HAP,54,700,3.5797637041600003,English
404,HAS,368,4289,6.95988435912,English
405,HAT,192,2122,7.6956261597439966,English
406,HAW,29,360,2.26110176,English
407,HAY,22,292,1.3885206911999997,English
408,HEM,45,447,5.0409900544,English
409,HEN,65,662,3.8212475808,English
410,HEP,25,291,2.88780912,English
411,HER,247,2801,6.690791487104001,English
412,HES,521,6021,7.375856176511997,English
413,HET,91,1012,4.877420012480001,English
414,HEW,22,263,2.98232128,English
415,HEX,0,0,0,English
416,HEY,19,242,2.0769414399999997,English
417,HIC,38,566,0.8251934368000001,English
418,HID,73,865,4.710740311296,English
419,HIE,133,1601,2.035307035776,English
420,HIM,9,108,0.9274900224,English
421,HIN,365,4833,4.068397824160002,English
422,HIP,14,166,1.792432,English
423,HIS,225,2592,7.077604934015999,English
424,HIT,95,1096,2.5391167508479997,English
425,HOA,48,517,2.315027596800001,English
426,HOB,4,39,1.116224,English
427,HOC,30,497,0.4088507056640001,English
428,HOD,91,1106,3.914090720639999,English
429,HOE,353,4200,5.095406116799999,English
430,HOG,124,1646,2.1120794857599994,English
431,HOI,27,276,1.7051444927999997,English
432,HOM,46,541,4.010564369472,English
433,HON,182,2220,4.360936251552003,English
434,HOP,54,736,3.682211886976001,English
435,HOS,343,3825,10.654773041311994,English
436,HOT,78,753,3.738744448,English
437,HOW,45,583,4.22552128,English
438,HOX,1,14,1.26,English
439,HOY,22,264,3.0328520959999996,English
440,HUB,3,32,0.5896,English
441,HUE,19,185,1.604100888,English
442,HUG,18,194,2.7706221119999994,English
443,HUI,7,59,1.168344,English
444,HUM,32,369,1.8320419264,English
445,HUN,29,316,2.3248081600000003,English
446,HUP,17,219,0.8804480000000001,English
447,HUT,53,503,3.5980092962559995,English
448,HYE,39,491,3.2684927200000007,English
449,HYP,10,135,3.1562239999999995,English
450,ICE,364,4565,4.434296911744006,English
451,ICH,154,2031,4.818811297536005,English
452,ICK,113,1616,5.551136036224,English
453,ICY,40,629,0.7956439829119999,English
454,IDE,262,2403,5.294303063199998,English
455,IDS,193,1680,4.580002126751998,English
456,IFS,23,275,1.2466413487840002,English
457,ILK,14,142,2.032304,English
458,IMP,48,519,2.7856403199999997,English
459,ING,2138,25638,4.29393712591198,English
460,INK,92,1100,5.2459879168,English
461,INS,880,8704,5.500993455547988,English
462,ION,59,483,1.161122668672,English
463,IOS,50,411,0.8131594430080004,English
464,IRE,204,1788,2.5631085478399993,English
465,IRK,22,236,2.077792,English
466,ISH,31,358,2.7937582400000003,English
467,ISM,15,130,0.5541989784,English
468,ISO,9,61,0.40396,English
469,ITA,37,270,1.1159892799999998,English
470,ITS,415,3740,4.489130939999996,English
471,IVY,4,56,0.818,English
472,JAB,21,354,0.8959966144,English
473,JAG,8,108,2.0970240000000002,English
474,JAI,2,23,0.4592,English
475,JAK,19,332,4.582074240000001,English
476,JAM,22,366,0.9183966144,English
477,JAP,26,383,5.584533759999999,English
478,JAR,13,178,2.3373875200000005,English
479,JAW,1,14,0.56,English
480,JAY,7,136,1.6383720000000002,English
481,JET,7,80,3.3099999999999996,English
482,JEU,3,47,0.472,English
483,JEW,1,14,0.56,English
484,JIB,19,324,2.6735576448,English
485,JIG,1,12,0.48,English
486,JIN,20,264,3.14612,English
487,JIZ,1,29,0.29,English
488,JOB,5,73,2.220928,English
489,JOE,33,523,2.1669954304,English
490,JOG,4,50,1.2519999999999998,English
491,JOL,22,302,3.4301964799999984,English
492,JOR,3,34,0.8992,English
493,JOT,6,72,1.9444,English
494,JOW,4,61,1.1584,English
495,JOY,10,193,2.5195845824000003,English
496,JUD,7,100,1.839896,English
497,JUG,7,91,1.760252,English
498,JUN,3,50,0.16019999999999998,English
499,JUS,12,146,2.814895999999999,English
500,JUT,7,82,2.316864,English
501,KAB,3,31,1.0264,English
502,KAE,24,241,2.93307936,English
503,KAF,16,255,1.8115988016,English
504,KAI,73,900,5.532398484800004,English
505,KAM,17,179,3.900816,English
506,KAS,163,1921,9.820686335568013,English
507,KAT,43,423,4.6418652,English
508,KAW,7,82,1.977472,English
509,KAY,12,151,3.03228928,English
510,KEA,3,25,0.8215999999999999,English
511,KEB,7,79,1.2760319999999998,English
512,KED,148,1992,4.404314765311998,English
513,KEF,8,92,3.5972,English
514,KEG,5,51,0.749776,English
515,KEN,45,450,3.7998881536,English
516,KEP,21,237,4.444928,English
517,KET,31,300,5.8415040000000005,English
518,KEX,0,0,0,English
519,KEY,1,11,0.44,English
520,KHI,1,11,0.44,English
521,KID,17,186,2.6322054399999995,English
522,KIF,21,327,3.1902445616,English
523,KIN,238,3284,6.623228591096,English
524,KIP,18,228,2.7743687999999995,English
525,KIR,21,222,3.10172544,English
526,KIS,110,1239,7.036013847568002,English
527,KIT,35,357,3.3165525504000004,English
528,KOA,32,342,2.4012707200000003,English
529,KOB,5,52,1.8616,English
530,KOI,3,39,0.4764,English
531,KON,19,194,3.21929448,English
532,KOP,9,102,2.264752,English
533,KOR,29,287,3.62924888,English
534,KOS,45,487,3.92665568,English
535,KOW,9,111,1.26987392,English
536,KUE,3,27,1.02,English
537,KYE,26,354,2.7344702399999994,English
538,KYU,1,11,0.44,English
539,LAB,11,88,1.0223999999999998,English
540,LAC,119,1442,2.202572678783999,English
541,LAD,176,1532,4.530861422463998,English
542,LAG,25,189,1.28589312,English
543,LAH,72,805,1.6989647406080006,English
544,LAM,128,1169,4.082770142527999,English
545,LAP,56,503,2.866469555584,English
546,LAR,378,3570,4.783738892767996,English
547,LAS,628,5813,6.044485996511987,English
548,LAT,367,3250,3.8739047600640006,English
549,LAV,63,641,2.3951149436800003,English
550,LAW,38,418,1.8161287392,English
551,LAX,3,43,0.9472,English
552,LAY,73,812,3.2079318399999996,English
553,LEA,118,923,3.2178645744639987,English
554,LED,320,3164,4.394181342688,English
555,LEG,31,273,1.045611714816,English
556,LEI,22,181,0.8997641023999999,English
557,LEK,22,239,3.540032799999999,English
558,LEP,23,191,2.4839581055999993,English
559,LES,958,8868,6.730826329319995,English
560,LET,92,714,2.219885039615999,English
561,LEU,6,35,0.6689440000000001,English
562,LEV,57,552,3.1718506591999995,English
563,LEW,12,106,2.0363999999999995,English
564,LEX,13,186,2.0803292800000004,English
565,LEY,25,269,1.5188365056,English
566,LEZ,4,95,0.246764,English
567,LIB,17,150,0.6581864000000002,English
568,LID,112,1034,3.663405793600001,English
569,LIE,448,4326,3.4036413322240007,English
570,LIG,286,3163,0.7210668081439997,English
571,LIN,555,5657,4.833804008215993,English
572,LIP,44,387,3.4201741184000003,English
573,LIS,365,3441,4.051919897583995,English
574,LIT,166,1456,3.424786559615998,English
575,LOB,34,308,2.9779993,English
576,LOD,77,659,3.3933316405759992,English
577,LOG,114,1059,3.06608590784,English
578,LOP,96,905,3.5097427344,English
579,LOR,73,592,2.322925125888,English
580,LOS,328,2807,3.839729109407999,English
581,LOT,111,878,3.7710351519999983,English
582,LOU,97,794,1.6508351320319998,English
583,LOW,120,1324,4.736346111872,English
584,LOX,1,14,0.28,English
585,LOY,43,480,1.551218701568,English
586,LUD,73,632,3.2816521527679994,English
587,LUG,70,612,1.9259936656,English
588,LUM,59,575,2.051399809279999,English
589,LUN,81,694,2.1967756936,English
590,LUR,72,589,1.7008891797760002,English
591,LUV,1,7,0.28,English
592,LUX,8,108,1.813312,English
593,LUZ,4,66,1.311064,English
594,LYE,21,194,2.152256,English
595,LYM,5,42,2.0755999999999997,English
596,MAC,63,711,2.892343203840001,English
597,MAD,44,351,3.608698168,English
598,MAE,315,2979,3.2945352913279993,English
599,MAG,64,545,2.8901297923839993,English
600,MAK,38,421,5.664829920000001,English
601,MAL,150,1277,4.913051690879999,English
602,MAN,225,1896,5.552190026783994,English
603,MAP,1,7,0.28,English
604,MAR,118,1007,4.586060582655998,English
605,MAS,533,4844,9.500580043071986,English
606,MAT,128,1097,3.972076245311998,English
607,MAW,8,83,1.4516,English
608,MAX,9,136,1.1556652032,English
609,MAY,35,356,3.919664,English
610,MED,61,533,2.5913878749759984,English
611,MEG,15,121,1.2710503488,English
612,MEH,22,228,1.2332556799999994,English
613,MEL,57,418,2.728104096,English
614,MEN,142,1230,5.087258721055998,English
615,MES,604,5591,7.913425383071986,English
616,MET,94,746,3.528382046399998,English
617,MEU,12,74,1.59548544,English
618,MEW,7,59,1.6576000000000002,English
619,MHO,3,25,0.9888,English
620,MIB,1,7,0.28,English
621,MIC,49,520,3.9563901376,English
622,MID,49,388,3.8647339647999983,English
623,MIG,17,140,0.910342752,English
624,MIL,105,839,3.830193172864,English
625,MIR,65,539,4.456742407104,English
626,MIS,246,2085,4.591466404047999,English
627,MIX,4,52,1.8336,English
628,MIZ,3,78,0.235624,English
629,MNA,69,540,2.08128361504,English
630,MOA,72,560,2.8714478559999996,English
631,MOB,21,208,1.5571260800000002,English
632,MOC,27,345,0.688159008,English
633,MOD,76,678,2.7358324851200004,English
634,MOE,314,2849,3.628069187200003,English
635,MOG,39,342,1.0591610033919998,English
636,MOI,42,323,2.2551654144,English
637,MOL,93,753,3.8435733132800007,English
638,MON,88,721,3.4325293528959993,English
639,MOP,30,303,2.4537068799999995,English
640,MOR,131,1055,3.99349835168,English
641,MOS,328,2884,7.874362087615998,English
642,MOT,130,1054,4.807546492672001,English
643,MOU,50,388,2.0200014464000007,English
644,MOW,8,69,2.6063599999999996,English
645,MOY,37,388,2.9593176,English
646,MOZ,9,174,3.2281622399999996,English
647,MUD,17,147,1.4691651648000004,English
648,MUG,23,184,1.2560307999999998,English
649,MUN,37,267,2.22311664,English
650,MUS,199,1670,6.685274923959996,English
651,MUT,84,683,3.21967862664,English
652,MUX,0,0,0,English
653,MYC,1,10,0.4,English
654,"NAB",8,60,1.3744,English
655,"NAE",94,831,1.4632261729279992,English
656,"NAG",8,51,1.2752,English
657,"NAH",18,197,1.028551783936,English
658,"NAM",10,58,1.5888159999999998,English
659,"NAP",40,415,2.7919209479680003,English
660,"NAS",183,1521,3.628431938656,English
661,"NAT",21,160,0.8907154624,English
662,"NAV",21,205,1.6735587199999995,English
663,"NAW",5,41,0.5598,English
664,"NAY",14,143,0.956552,English
665,NEB,5,38,0.6792,English
666,NED,87,819,2.2385686507040004,English
667,NEF,5,37,1.5976,English
668,NEG,2,11,0.2096,English
669,NEK,11,105,1.424744,English
670,NEP,7,47,1.5851520000000003,English
671,NET,28,204,1.7819027808,English
672,NEW,18,157,2.7024,English
673,NIB,7,51,0.652288,English
674,NID,17,126,1.9726070912,English
675,NIE,112,1016,2.109088760768,English
676,NIL,25,178,1.7853336239999995,English
677,NIM,6,45,0.367488,English
678,NIP,18,160,1.1106313856,English
679,NIS,125,1011,3.003974861888,English
680,NIT,59,467,1.2488045726720003,English
681,NIX,8,100,1.94536,English
682,NOB,7,53,1.098,English
683,NOD,18,130,1.5965017023999999,English
684,NOG,7,40,0.9124,English
685,NOH,3,22,0.9388,English
686,NOM,35,273,1.8478997473279997,English
687,NOR,19,127,1.01436672,English
688,NOS,125,962,3.622944104064,English
689,NOT,36,275,1.7952731800319996,English
690,NOW,30,297,3.9151043199999993,English
691,NOX,0,0,0,English
692,NOY,11,102,0.909992,English
693,NTH,0,0,0,English
694,NUB,7,55,0.742,English
695,NUG,3,16,0.4096,English
696,NUR,29,215,0.9281114048,English
697,NUS,63,445,2.479570227199999,English
698,NUT,12,83,0.6116320000000001,English
699,NYE,6,47,0.9472,English
700,NYM,0,0,0,English
701,NYS,6,44,2.7752,English
702,OAF,5,39,0.8236,English
703,OAK,10,107,1.1024,English
704,OAR,71,609,1.4463795727999995,English
705,OAT,78,628,1.4925191312,English
706,OBA,13,118,1.247824,English
707,OBE,75,725,2.367654929664,English
708,OBI,31,261,1.797261264,English
709,OBS,125,1169,6.7207631126399985,English
710,OCA,26,200,1.7497583999999995,English
711,OCH,191,2526,3.532081752319999,English
712,ODA,20,141,1.5787232,English
713,ODE,255,2383,2.71199686848,English
714,ODS,214,1845,5.948715734848,English
715,OES,1443,14362,5.021988666799988,English
716,OFT,17,157,1.3079840000000005,English
717,OHM,1,8,0.32,English
718,OHS,33,355,1.968226359808,English
719,OIK,9,100,1.070816,English
720,OIL,72,554,1.9177647296,English
721,OIS,87,782,1.0172960651519998,English
722,OKA,23,285,1.95464608,English
723,OKE,274,3653,4.570567056960002,English
724,OLD,181,1640,3.991296716159999,English
725,OLE,516,4825,4.482974577951999,English
726,OLM,5,41,0.38976,English
727,OMA,88,746,2.193358007552,English
728,OMS,186,1836,4.191680950976001,English
729,ONE,566,5435,4.014456656927996,English
730,ONS,521,4827,5.519365288831997,English
731,ONY,62,677,2.05430688,English
732,OPA,16,132,1.24857536,English
733,OPE,333,3618,4.139587585471997,English
734,OPS,254,2604,6.269534681599999,English
735,OPT,1,6,0.24,English
736,ORA,164,1401,2.3620301907199996,English
737,ORB,19,193,1.2165059647999998,English
738,ORC,12,107,1.2352142592000002,English
739,ORD,130,1210,2.5232030005760016,English
740,ORE,567,5169,3.828009294912,English
741,ORF,4,31,1.3384,English
742,ORG,3,24,0.3644,English
743,ORS,565,5092,5.018402276415996,English
744,ORT,107,892,2.0039772896959995,English
745,OSE,660,5920,3.174874575423998,English
746,OUD,45,404,0.8961460771840002,English
747,OUK,28,310,3.1912319999999994,English
748,OUP,61,566,3.0242219723519996,English
749,OUR,144,1311,2.2560515193599984,English
750,OUS,290,2462,3.1762527334399966,English
751,OUT,125,955,2.8476155535999994,English
752,OVA,10,85,0.81391488,English
753,OWE,321,3726,4.030918730208003,English
754,OWL,58,615,3.1918823808000005,English
755,OWN,72,740,3.0604875167999994,English
756,OWT,19,187,2.25317784,English
757,OXY,11,182,2.064256,English
758,OYE,10,96,0.954272,English
759,OYS,39,372,4.22541824,English
760,PAC,102,1235,4.352756117888001,English
761,PAD,101,1016,3.4066532753919994,English
762,PAH,23,276,2.11886272,English
763,PAK,65,874,4.153827990271998,English
764,PAL,219,2024,6.878249503455994,English
765,PAM,14,114,1.3854959999999996,English
766,PAN,256,2580,6.056138048247996,English
767,PAR,278,2834,5.811267931647992,English
768,PAS,616,6136,10.74607241201596,English
769,PAT,283,2644,5.9250352819199845,English
770,PAV,24,269,1.826316662400001,English
771,PAW,31,368,2.7683891519999997,English
772,PAX,0,0,0,English
773,PAY,68,753,4.3210708192,English
774,PEA,133,1180,3.1825744223999988,English
775,PEC,53,663,1.691833225344,English
776,PED,414,4581,6.135978579024003,English
777,PEG,9,79,1.2419488000000003,English
778,PEH,13,165,0.941817088,English
779,PEL,53,432,4.049764070399999,English
780,PEN,139,1252,6.39431258368,English
781,PER,427,4521,6.944037094895994,English
782,PES,677,7096,8.581924862655976,English
783,PET,89,745,4.030569721983997,English
784,PEW,9,93,1.3874559999999998,English
785,PHI,12,173,0.5938416084479999,English
786,PHO,32,368,2.015770224,English
787,PHT,11,116,2.01162816,English
788,PIA,123,1113,2.9633155211519986,English
789,PIC,98,1127,4.330829262656001,English
790,PIE,459,4915,4.110873071327993,English
791,PIG,391,4869,1.4326602498399987,English
792,PIN,612,7018,6.809281761624,English
793,PIR,124,1336,2.8064029916800006,English
794,PIS,433,4447,7.838281263023983,English
795,PIT,103,954,3.160068573312,English
796,PIU,6,49,0.16704,English
797,PIX,1,16,0.32,English
798,PLU,46,462,1.7090110499839992,English
799,PLY,61,697,5.163632130399999,English
800,POA,5,34,0.628768,English
801,POD,35,307,3.3302416,English
802,POH,12,129,1.7818214400000003,English
803,POI,21,207,0.29511149030399997,English
804,POL,109,1070,3.401910024384,English
805,POM,17,141,3.374976,English
806,POS,389,3756,9.048751486655974,English
807,POT,149,1360,5.636560006399992,English
808,POW,23,253,2.08634272,English
809,POX,4,68,0.383792,English
810,POZ,2,52,0.2456,English
811,PRE,406,4139,5.268204059967999,English
812,PRO,86,766,3.7712586148160026,English
813,PRY,24,257,3.83488,English
814,PSI,2,13,0.2652,English
815,PST,77,681,2.5974660160640006,English
816,PUB,4,34,1.3556,English
817,PUD,9,78,0.9149120000000002,English
818,PUG,15,122,1.611432,English
819,PUH,10,115,2.0728690432000003,English
820,PUL,91,863,4.477384340608001,English
821,PUN,43,430,2.0798330719999996,English
822,PUR,159,1575,4.759490633183999,English
823,PUS,184,1744,4.4279747905919935,English
824,PUT,36,304,2.079948832,English
825,PUY,24,291,1.73880576,English
826,PWN,23,262,2.265338368,English
827,PYA,3,28,0.924,English
828,PYE,15,188,2.1215648,English
829,PYX,0,0,0,English
830,QAT,43,719,1.261853430336,English
831,QIN,64,1090,1.35832407008,English
832,QIS,30,519,0.832190165184,English
833,QUA,66,1077,5.336152305503997,English
834,RAD,138,1134,5.374818192128,English
835,RAG,112,975,3.7284980938239984,English
836,RAH,112,1465,1.4635596578559995,English
837,RAI,258,2356,2.7640753539839986,English
838,RAJ,4,54,1.061352,English
839,RAM,136,1247,3.499871131456002,English
840,RAN,317,2884,4.197718338431997,English
841,RAP,189,1996,4.429043807359999,English
842,RAS,723,6828,5.780769456319986,English
843,RAT,410,3617,5.071821905471999,English
844,RAV,70,753,2.0079252928000004,English
845,RAW,43,469,1.5662749791999997,English
846,RAX,0,0,0,English
847,RAY,76,865,3.4250188876800003,English
848,REB,5,46,0.25232896,English
849,REC,10,120,0.359344,English
850,RED,660,6599,7.574077052736003,English
851,REF,29,289,3.5563578399999995,English
852,REG,22,169,1.3915117661439995,English
853,REH,4,37,0.569664,English
854,REI,79,677,1.07781258048,English
855,REM,79,720,2.045726625792,English
856,REN,134,1049,3.316773583679998,English
857,REO,50,416,0.9785482296320004,English
858,REP,44,395,1.7802957409280005,English
859,RES,1641,15330,9.091217981023986,English
860,RET,316,2685,2.6862232609919956,English
861,REV,3,22,1.1584,English
862,REW,25,244,2.3672880000000003,English
863,REX,4,59,0.6336,English
864,REZ,2,28,1.08,English
865,RHO,1,7,0.28,English
866,RHY,0,0,0,English
867,RIA,84,667,2.1507068832,English
868,RIB,14,117,1.4902540800000004,English
869,RID,130,1129,4.168970629823998,English
870,RIF,51,535,3.0107370688000006,English
871,RIG,382,4081,1.8949783953759969,English
872,RIM,104,976,3.5702574819839983,English
873,RIN,608,6018,3.8514893675999926,English
874,RIP,133,1403,3.2662345580160017,English
875,RIT,127,1153,3.118145628863999,English
876,RIZ,42,951,2.90152490848,English
877,ROB,21,189,1.262237052928,English
878,ROC,49,622,0.7882563660800002,English
879,ROD,163,1528,4.117353459136,English
880,ROE,586,5606,3.3960930013119963,English
881,ROK,84,1032,3.1809460800000005,English
882,ROM,50,404,2.4437404959999993,English
883,ROT,210,1632,5.091783965695997,English
884,ROW,111,1263,3.607593091199999,English
885,RUB,56,579,1.789563414208,English
886,RUC,9,101,0.35448,English
887,RUD,77,646,3.2532511527679984,English
888,RUE,288,2540,2.9592099490240016,English
889,RUG,35,285,1.883760795232,English
890,RUM,63,574,2.515122214400001,English
891,RUN,85,677,2.259395668016,English
892,RUT,98,773,1.459285061632,English
893,RYA,14,126,1.32430816,English
894,RYE,16,171,1.260564,English
895,RYU,1,7,0.28,English
896,SAB,60,575,2.565956430592,English
897,SAC,32,369,1.0550254336,English
898,SAD,201,1897,3.943375606272,English
899,SAE,685,6641,2.7279574371040014,English
900,SAG,187,1741,4.762994104823997,English
901,SAI,290,2771,2.4732536916879977,English
902,SAL,255,2117,3.5269503108159936,English
903,SAM,148,1417,3.909331334656,English
904,SAN,445,4261,3.802661969531995,English
905,SAP,67,635,2.600963136,English
906,SAR,424,4084,4.798950317148001,English
907,SAT,330,2830,3.879904437183998,English
908,SAU,25,166,0.5184708096,English
909,SAV,53,555,1.6156181247999997,English
910,SAW,52,571,2.6732223360000003,English
911,SAX,2,23,1.3776,English
912,SAY,69,760,2.1405564687999994,English
913,SAZ,3,56,0.3338,English
914,SEA,205,1679,2.9443696782079956,English
915,SEC,17,164,1.48222752,English
916,SED,512,5136,4.114289796823995,English
917,SEG,13,105,0.7675521600000001,English
918,SEI,51,469,1.0136193264000002,English
919,SEL,141,1171,2.995478144704,English
920,SEN,223,1828,4.367142951583993,English
921,SER,440,4354,4.1944615541119985,English
922,SET,101,782,3.038063875199999,English
923,SEV,1,7,0.28,English
924,SEW,50,519,2.3698207848639994,English
925,SEX,7,89,1.0328012800000002,English
926,SEY,9,83,1.374,English
927,SEZ,0,0,0,English
928,SHA,131,1459,3.861006313983999,English
929,SHE,298,3437,3.867080012703999,English
930,SHO,131,1484,4.317123522944001,English
931,SHY,21,274,2.1586695551999995,English
932,SIB,5,36,0.7839999999999999,English
933,SIC,94,1059,2.3716317023999993,English
934,SIF,29,343,1.6335853183999995,English
935,SIG,395,4240,1.6914269760640002,English
936,SIK,107,1363,4.405263034495998,English
937,SIM,64,546,3.0955937343999995,English
938,SIN,685,7037,3.4616625743479967,English
939,SIP,72,738,2.320321786368,English
940,SIR,125,1080,2.900335046271999,English
941,SIT,220,2129,3.2987203052159995,English
942,SIX,0,0,0,English
943,SKA,26,259,2.6157593600000006,English
944,SKI,54,571,4.076738880000001,English
945,SKY,16,204,3.2794019199999997,English
946,SLY,10,87,1.6080696,English
947,SMA,54,480,1.5810079743999992,English
948,SNY,2,15,0.8784,English
949,SOB,15,105,2.409168,English
950,SOC,33,448,0.9712937528319996,English
951,SOD,120,1085,2.21858345536,English
952,SOG,31,234,1.65810288,English
953,SOH,41,442,1.5759300526079996,English
954,SOL,186,1536,3.849133830655997,English
955,SOM,32,240,2.3719857720000004,English
956,SON,99,793,1.8939238240000005,English
957,SOP,118,1152,3.704063121984,English
958,SOT,165,1379,2.93712263488,English
959,SOU,105,838,1.4788953977599997,English
960,SOV,1,7,0.28,English
961,SOW,74,777,3.4702340608000015,English
962,SOX,0,0,0,English
963,SOY,4,30,1.0988000000000002,English
964,SOZ,0,0,0,English
965,SPA,242,2604,3.941087829843997,English
966,SPY,18,200,2.6894980799999995,English
967,SRI,87,924,1.4477711053079998,English
968,STY,68,726,2.8654430617919995,English
969,SUB,28,244,1.9971889599999997,English
970,SUD,60,505,2.8012866368000005,English
971,SUE,170,1440,1.8531805628160003,English
972,SUG,82,758,2.2919101857279993,English
973,SUI,27,250,0.90850456,English
974,SUK,41,537,2.4036882464,English
975,SUM,56,496,2.768194368000001,English
976,SUN,93,801,1.768870187264,English
977,SUP,53,526,2.0415249095679995,English
978,SUQ,1,13,0.52,English
979,SUR,147,1185,3.14526214208,English
980,SWY,11,126,2.386296,English
981,SYE,93,996,3.4230296984959994,English
982,SYN,24,232,2.6345510399999994,English
983,TAB,26,219,1.4109311360000003,English
984,TAD,120,1125,2.7695083326720007,English
985,TAE,454,4185,2.848225585088,English
986,TAG,76,639,1.486117446784,English
987,TAI,133,1292,1.654123823807999,English
988,TAJ,0,0,0,English
989,TAK,144,1731,6.06514862336,English
990,TAM,75,694,2.0924033471040002,English
991,TAN,233,2230,3.1271973240639963,English
992,TAO,14,98,0.5894640000000001,English
993,TAP,125,1173,4.161460473983997,English
994,TAR,134,962,4.169424875775999,English
995,TAS,538,4580,7.83221519568799,English
996,TAU,31,220,0.981772301312,English
997,TAV,5,45,0.959464,English
998,TAW,25,239,2.0337410400000002,English
999,TAX,7,89,2.02996512,English
1000,TAY,35,399,1.4295023664,English
1001,TEA,115,914,2.128569396223999,English
1002,TEC,11,119,0.4728704,English
1003,TED,392,3732,4.855133636143998,English
1004,TEF,16,149,1.5207584800000002,English
1005,TEG,10,65,0.6218233599999999,English
1006,TEL,76,513,3.6114856431359983,English
1007,TEN,138,963,3.780087443711999,English
1008,TES,1005,8794,6.850229844239987,English
1009,TEW,16,155,1.2892800000000002,English
1010,TEX,2,23,0.6888,English
1011,THE,120,1314,4.246309278112,English
1012,THO,39,387,2.5689883775999993,English
1013,THY,2,24,1.2336,English
1014,TIC,102,1262,2.808284539071999,English
1015,TID,115,1065,2.3560599342720003,English
1016,TIE,440,3877,3.1615345008479987,English
1017,TIG,320,3276,2.592373097599998,English
1018,TIK,59,776,3.714722599808,English
1019,TIL,149,1119,3.0500558584319983,English
1020,TIN,478,4756,4.570175769375989,English
1021,TIP,53,526,1.700553933312,English
1022,TIS,370,3314,3.6455442825039968,English
1023,TIX,0,0,0,English
1024,TIZ,2,48,0.2252,English
1025,TOC,22,216,1.8564142591999997,English
1026,TOD,115,1064,2.3977355215360014,English
1027,TOE,369,3186,3.1196089015040003,English
1028,TOG,154,1576,2.1912658934239997,English
1029,TOM,12,73,2.3014,English
1030,TON,256,2384,2.829016600343996,English
1031,TOP,101,937,4.057179055264001,English
1032,TOR,94,661,3.2704209055999995,English
1033,TOW,36,361,2.2284722816,English
1034,TOY,33,299,4.001595200000001,English
1035,TRY,32,301,3.9305862688,English
1036,TSK,6,54,1.4164,English
1037,TUB,28,239,2.156098087168,English
1038,TUG,11,70,1.041552,English
1039,TUI,8,47,0.7893753600000001,English
1040,TUM,33,270,0.9840172544,English
1041,TUN,51,307,2.912042438399999,English
1042,TUP,13,123,0.42922399999999994,English
1043,TUX,0,0,0,English
1044,TWA,15,130,2.82774424,English
1045,TWO,1,7,0.28,English
1046,TWP,0,0,0,English
1047,TYE,92,944,4.9016058256639985,English
1048,TYG,1,8,0.32,English
1049,UDO,17,127,1.55255424,English
1050,UDS,108,896,3.8233596235519993,English
1051,UEY,6,92,0.4676320000000001,English
1052,UFO,5,53,0.47342400000000007,English
1053,UGH,68,814,3.205947483199999,English
1054,UGS,96,846,3.2582908992,English
1055,UKE,70,926,2.674288118399999,English
1056,ULE,196,1782,1.9752038127199991,English
1057,UME,25,220,0.7677039616000001,English
1058,UMP,103,1167,4.1749882528,English
1059,UMS,121,1095,3.5369788912000004,English
1060,UNI,50,391,1.2971682990080002,English
1061,UNS,206,1669,3.5051674639679984,English
1062,UPO,12,124,0.8864299199999999,English
1063,UPS,116,1164,4.095921752704,English
1064,URB,9,78,0.5969599999999999,English
1065,URD,60,542,2.2956412044800003,English
1066,URE,361,3308,2.7537264952319975,English
1067,URN,31,219,1.44882496,English
1068,URP,6,43,0.8008000000000001,English
1069,USE,351,3226,1.4352617202879991,English
1070,UTA,19,183,0.7278300799999999,English
1071,UTE,224,2078,1.0023824867840003,English
1072,UTS,229,1904,3.9577382598799993,English
1073,UVA,17,158,2.79145088,English
1074,VAC,1,9,0.36,English
1075,VAE,88,887,3.5594621712000003,English
1076,VAG,9,84,1.55874304,English
1077,VAN,21,185,2.5970254047999997,English
1078,VAR,40,401,3.653184374399999,English
1079,VAS,129,1279,7.92078472096,English
1080,VAT,32,293,1.7641610463999997,English
1081,VAU,25,234,1.3085103424,English
1082,VAW,1,10,0.4,English
1083,VAX,0,0,0,English
1084,VEG,6,53,1.47196,English
1085,VET,67,648,3.398599710080001,English
1086,VEX,1,14,0.84,English
1087,VIA,43,391,3.3033239808,English
1088,VID,38,388,4.59542953728,English
1089,VIE,157,1618,5.427746663360001,English
1090,VIG,10,96,1.2062263424000002,English
1091,VIM,1,8,0.32,English
1092,VIN,57,530,5.099798079999999,English
1093,VIS,107,1080,5.471766111999996,English
1094,VLY,0,0,0,English
1095,VOE,72,818,2.1149545785599995,English
1096,VOG,3,25,0.6544000000000001,English
1097,VOL,66,695,3.714804458879999,English
1098,VOM,1,8,0.32,English
1099,VOR,5,42,0.968464,English
1100,VOW,7,75,1.993552,English
1101,VOX,0,0,0,English
1102,VUG,7,78,0.8454000000000002,English
1103,VUM,4,35,1.00512,English
1104,WAB,7,74,1.316272,English
1105,WAD,117,1295,6.960818776832,English
1106,WAE,309,3629,4.877873689856002,English
1107,WAG,40,426,2.5161888544,English
1108,WAI,67,654,3.3674650623999995,English
1109,WAN,93,1017,5.394858041536004,English
1110,WAP,19,208,2.5810720000000003,English
1111,WAR,105,1125,5.671524383999999,English
1112,WAS,229,2508,8.028654832351998,English
1113,WAT,103,1064,5.474759125759998,English
1114,WAX,1,17,0.34,English
1115,WAY,56,718,5.396694212799999,English
1116,WAZ,1,25,0.25,English
1117,WEB,5,53,0.589464,English
1118,WED,168,1981,5.4019561984000015,English
1119,WEM,7,69,1.5526639999999998,English
1120,WEN,27,260,3.9938656512,English
1121,WET,67,668,4.304862473344,English
1122,WEX,3,45,1.8288,English
1123,WEY,5,58,1.0888,English
1124,WHA,31,385,3.4464892800000007,English
1125,WHO,22,290,3.3392811520000003,English
1126,WHY,3,40,2.1472,English
1127,WIG,280,3578,2.217387203455999,English
1128,WIN,370,4621,5.080914315327997,English
1129,WIS,205,2341,5.726634205120001,English
1130,WIT,160,1925,4.3862096366720005,English
1131,WIZ,6,153,1.036812,English
1132,WOE,35,391,1.1269473247999997,English
1133,WOF,9,108,1.95856,English
1134,WOG,1,8,0.32,English
1135,WOK,19,239,3.902601919999999,English
1136,WON,14,128,1.891912,English
1137,WOP,18,234,1.1047531520000002,English
1138,WOS,54,580,4.402560166400001,English
1139,WOT,25,240,2.621979200000001,English
1140,WOX,0,0,0,English
1141,WRY,12,143,2.9437171199999996,English
1142,WUD,3,25,0.6544000000000001,English
1143,WUS,8,73,0.6635122048,English
1144,WUZ,0,0,0,English
1145,WYE,7,76,1.492,English
1146,WYN,5,54,1.4856000000000005,English
1147,XED,16,227,3.0636360000000007,English
1148,XIS,11,152,1.1321112383999998,English
1149,YAD,19,175,3.0348342399999995,English
1150,YAE,18,165,1.4529442847999998,English
1151,YAG,13,128,2.6554956799999996,English
1152,YAH,8,85,3.254392,English
1153,YAK,17,239,2.357852,English
1154,YAM,3,25,0.6544000000000001,English
1155,YAP,8,91,1.222,English
1156,YAR,31,288,4.049628729599999,English
1157,YAS,60,614,4.983577400000002,English
1158,YAW,10,118,2.0048,English
1159,YEA,16,140,1.7748960000000005,English
1160,YEH,7,93,1.2026559999999995,English
1161,YEN,20,189,2.41343624,English
1162,YEP,4,38,0.772,English
1163,YER,51,509,3.688632008064,English
1164,YES,141,1491,8.101322822399998,English
1165,YET,15,128,2.0913600000000003,English
1166,YEW,2,20,1.2000000000000002,English
1167,YEX,0,0,0,English
1168,YEZ,1,16,1.28,English
1169,YGO,1,8,0.96,English
1170,YID,5,44,0.87236,English
1171,YIN,52,601,1.6777137198719996,English
1172,YIP,3,28,1.488,English
1173,YOB,1,9,0.36,English
1174,YOD,20,209,2.4188612372479996,English
1175,YOK,33,443,3.999649228799999,English
1176,YOM,2,21,0.2088,English
1177,YON,7,59,1.4688,English
1178,YOU,19,201,0.935602545792,English
1179,YOW,10,110,3.454479999999999,English
1180,YUG,3,25,1.0724,English
1181,YUK,21,284,5.7304400000000015,English
1182,YUM,2,21,0.2088,English
1183,YUP,5,49,1.4148,English
1184,YUS,23,241,2.465657347584,English
1185,ZAG,1,14,0.56,English
1186,ZAP,1,15,0.6,English
1187,ZAS,10,145,2.683488,English
1188,ZAX,0,0,0,English
1189,ZEA,20,285,3.988416000000001,English
1190,ZED,5,74,1.958456,English
1191,ZEK,3,52,1.7432,English
1192,ZEL,5,69,1.84984,English
1193,ZEN,3,40,1.7404,English
1194,ZEP,1,15,0.6,English
1195,ZEX,0,0,0,English
1196,ZHO,3,51,1.3488000000000002,English
1197,ZIG,4,61,1.4576,English
1198,ZIN,27,441,5.01538912,English
1199,ZIP,1,15,0.6,English
1200,ZIT,4,53,3.3004,English
1201,ZOA,23,343,3.201751104,English
1202,ZOL,1,13,0.52,English
1203,ZOS,9,137,2.5856000000000003,English
0,ABI,49,516,0.5370214000550002,German
1,ABO,30,342,1.1274621632399997,German
2,ABT,176,1792,3.088155574960001,German
3,ACH,1344,18490,6.95620574529902,German
4,ACT,394,5402,1.366418912536001,German
5,ADE,499,4569,2.824269016847998,German
6,AHM,102,1125,3.859932587399999,German
7,AHN,233,2232,4.9818027979399995,German
8,AHS,285,3735,0.946633084944,German
9,AIR,20,195,0.5385555799999999,German
10,AIS,144,1289,3.0536583581299985,German
11,AKI,13,121,1.847296,German
12,AKT,242,2972,4.544988828049999,German
13,ALB,121,1367,3.55911581236,German
14,ALE,1313,14796,5.639060987819997,German
15,ALK,108,1301,4.0840245165599995,German
16,ALM,76,787,3.8335948358999983,German
17,ALP,25,262,2.8187155999999995,German
18,ALS,295,3010,4.407625171620001,German
19,ALT,366,3819,4.239159159109997,German
20,ALU,4,32,0.38421600000000006,German
21,AMI,19,187,1.504464833,German
22,AMT,147,1639,3.2945448502400008,German
23,ANI,8,44,0.77188,German
24,ANS,250,2329,2.7870182688350003,German
25,ARE,1015,10664,3.7580949677079936,German
26,ARG,75,690,2.6041593912,German
27,ARM,94,944,3.44836616726,German
28,ARS,181,1803,2.4760463652799993,German
29,ART,485,4844,2.335792529234001,German
30,ASE,1580,15476,4.981901912181997,German
31,AST,1228,12241,5.15566985743,German
32,ATZ,148,1588,3.94621911346,German
33,AUE,1604,15985,4.720783930339995,German
34,AUF,108,1153,3.88746881684,German
35,AUS,608,5704,3.990796766719995,German
36,AVE,65,850,2.1218957121599997,German
37,AXT,7,109,0.3807741999999999,German
38,AYE,3,43,0.840816,German
39,BAD,155,1559,3.617983905160001,German
40,BAH,133,1756,2.07210562245,German
41,BAI,4,31,0.6478999999999999,German
42,BAK,87,1147,4.6280389579099985,German
43,BAM,135,1578,3.708108305149998,German
44,BAN,337,3529,5.0960408160000075,German
45,BAR,154,1617,4.733446916580001,German
46,BAT,637,6918,4.7370532689600005,German
47,BAU,339,3580,5.680452905930001,German
48,BEG,147,1653,2.877087925350001,German
49,BEI,463,5004,4.383917763106999,German
50,BEL,122,1328,2.7360511639699983,German
51,BEO,1,7,0.4900000000000001,German
52,BET,808,8701,6.911174272508006,German
53,BEY,3,46,3.516,German
54,BIM,20,220,1.9178087881999997,German
55,BIN,276,2967,3.3232989576900023,German
56,BIO,0,0,0,German
57,BIS,285,3000,6.150457954470004,German
58,BIT,204,2148,4.07407895844,German
59,BOA,16,161,1.2991591,German
60,BOG,91,1065,4.10839695855,German
61,BOL,40,502,1.3403046115999997,German
62,BON,71,760,2.56397404244,German
63,BOR,82,862,2.9421437579999994,German
64,BOT,93,986,3.5620182147999997,German
65,BOX,20,325,3.62921136,German
66,BOY,3,49,1.8076,German
67,BST,450,4855,3.089146097980003,German
68,BUG,75,870,3.723118039750001,German
69,BUH,207,2677,3.80485341419,German
70,BUK,9,101,0.68646408,German
71,BUM,54,613,1.3955068729999998,German
72,BUS,166,1884,1.9344382817600008,German
73,BYE,4,62,3.4332000000000003,German
74,CAB,1,9,0.6300000000000001,German
75,CAP,38,554,3.64263040104,German
76,CAR,1,7,0.4900000000000001,German
77,CER,1,7,0.4900000000000001,German
78,CES,1,7,0.42,German
79,CHI,113,1778,1.5578368123280009,German
80,CIS,50,641,0.3644385166200001,German
81,COP,8,97,1.800862,German
82,CUP,6,71,1.25808,German
83,CUT,30,315,1.0034752816,German
84,DAN,80,696,1.4460959964399995,German
85,DAR,60,489,1.3148390238800007,German
86,DAS,16,97,1.2184011999999995,German
87,DAU,45,296,2.230824002999999,German
88,DEM,14,123,1.045662737,German
89,DEN,366,3294,2.4003067436719983,German
90,DEO,4,25,0.9524,German
91,DER,227,2193,1.0133223762199997,German
92,DES,113,1032,1.1398276339199995,German
93,DEZ,13,113,1.4666611484999998,German
94,DIA,3,23,0.377,German
95,DIE,124,1039,1.5514684421799991,German
96,DIP,22,283,0.6185401058000001,German
97,DIR,3,15,0.43479,German
98,DIS,60,482,1.831099515240001,German
99,DOL,47,463,2.3758769320800006,German
100,DOM,14,121,2.24982985,German
101,DON,14,85,1.664226,German
102,DOP,18,183,2.1320159999999997,German
103,DOS,48,361,3.889707959999998,German
104,DRY,0,0,0,German
105,DUC,52,696,0.7666270308600001,German
106,DUN,33,226,1.3621603608,German
107,DUO,1,5,0.35000000000000003,German
108,DUR,0,0,0,German
109,DUZ,20,173,1.5098739713999998,German
110,DYN,1,13,0.91,German
111,ECK,504,7821,9.120838950246,German
112,EGO,2,12,0.78,German
113,EHR,296,2921,4.400771897379998,German
114,EIA,4,24,0.23497200000000004,German
115,EID,146,1310,2.4776670491,German
116,EIL,440,4502,4.037032930879998,German
117,EIN,967,9592,5.108985542875002,German
118,EIS,1012,9942,4.294270685911998,German
119,ELF,55,654,2.5972555293,German
120,EMD,27,225,2.02058268,German
121,EMU,1,6,0.42,German
122,END,217,2178,1.3555835668099991,German
123,ENG,138,1282,2.662800150739999,German
124,EPO,7,111,0.7234217475000001,German
125,ERB,402,4851,3.350897945982002,German
126,ERD,54,490,1.4675352005299998,German
127,ERG,65,663,0.9652496727,German
128,ERN,555,5808,2.0992149935249964,German
129,ERS,312,3439,1.436107269424998,German
130,ERZ,66,622,3.11599629308,German
131,ETA,125,1310,0.9993794543500002,German
132,EXT,61,845,7.677305909599997,German
133,FAD,61,700,2.58043625258,German
134,FAN,83,881,2.9698397257299987,German
135,FAS,175,1881,3.6579837112,German
136,FAX,16,261,3.4703451600000004,German
137,FEG,71,811,3.15913025466,German
138,FEH,115,1501,3.7449736587799993,German
139,FEI,205,2300,4.724161651199999,German
140,FES,254,3018,3.2659536439099996,German
141,FEX,37,643,4.0917436476,German
142,FEZ,62,803,3.352894335659999,German
143,FIS,105,1270,1.9302400968250004,German
144,FIT,183,2150,3.2722714262599983,German
145,FIX,65,1115,7.426726624499999,German
146,FON,34,369,2.0661118888,German
147,FOX,3,47,2.6340000000000003,German
148,FUG,29,307,2.90487225,German
149,FUN,100,1263,1.8622315398999991,German
150,GAB,67,720,2.5294650302399995,German
151,GAR,56,452,2.6065789819999994,German
152,GAS,271,2445,4.802604005299998,German
153,GAT,377,3633,4.488246893379998,German
154,GAU,214,2160,2.50188063354,German
155,GAY,4,59,1.89308,German
156,GEB,217,2606,2.7201564099000004,German
157,GEH,125,1370,2.8275521126399994,German
158,GEI,388,3967,2.5863403720299982,German
159,GEL,541,5952,6.20087172271,German
160,GEN,319,3064,3.0758246226,German
161,GEO,1,6,0.42,German
162,GER,435,4511,3.688992599270001,German
163,GES,316,3064,2.199866419169998,German
164,GIB,21,223,0.7811046258,German
165,GIN,139,1279,2.7366798637999996,German
166,GIS,158,1525,1.749257976250001,German
167,GNU,6,42,0.4235064575,German
168,GOF,25,319,1.0442649294000002,German
169,GOI,1,6,0.42,German
170,GON,40,383,2.2008399389999997,German
171,GOR,2,13,0.3894,German
172,GUR,62,543,1.7250963108,German
173,GUT,43,352,1.9719673508,German
174,HAB,55,562,2.2695804928200003,German
175,HAG,82,782,2.979376508500002,German
176,HAI,13,85,2.1560873,German
177,HAK,148,2078,3.2165322991899994,German
178,HAR,199,1997,2.8082851458360008,German
179,HAT,346,3547,3.611562040005999,German
180,HAU,81,678,2.547702946899998,German
181,HEB,105,1117,3.11317325616,German
182,HEG,31,271,1.6574370871199997,German
183,HEI,104,1038,1.10033538428,German
184,HEM,57,600,1.71381231642,German
185,HER,202,1941,3.7200011831199986,German
186,HEU,66,536,2.5375346419999993,German
187,HEX,19,270,3.1172954400000004,German
188,HEY,0,0,0,German
189,HIE,40,423,1.0184433207999994,German
190,HIN,81,760,1.3476528029499997,German
191,HIP,61,1120,0.24093881648600016,German
192,HIS,107,1096,1.6505416359100005,German
193,HIT,21,138,1.551098218,German
194,HOB,2,17,0.5178,German
195,HOF,39,570,2.5435212089999997,German
196,HOI,3,25,0.457,German
197,HOL,100,1075,3.7977107987999976,German
198,HON,76,672,3.10607130388,German
199,HOT,115,1131,3.2523056074,German
200,HUB,13,105,2.4275200000000003,German
201,HUF,30,383,2.2172076544,German
202,HUI,2,11,0.3252,German
203,HUP,50,618,2.3884461939999997,German
204,HUR,38,293,1.8581469255000005,German
205,HUT,136,1161,5.140792481049999,German
206,IAH,18,128,1.73960142,German
207,ICH,595,8006,5.276050855684002,German
208,IDO,9,61,0.794552,German
209,IHM,0,0,0,German
210,IHN,10,78,0.36527268,German
211,IHR,23,209,1.32599716,German
212,IMP,67,1042,1.0971088521000003,German
213,INS,300,3015,2.1993067409200004,German
214,IOD,2,11,0.413,German
215,ION,12,91,1.1400120000000002,German
216,IRE,396,3798,2.547775626000997,German
217,IST,902,9023,3.6896144244800007,German
218,IXE,92,1496,4.8184176566,German
219,IXT,32,489,4.85496986,German
220,JAB,5,63,1.319952,German
221,JAG,19,230,2.942605719999999,German
222,JAK,3,39,1.3992,German
223,JAM,32,516,1.4444186255999996,German
224,JAS,52,704,2.4366832554000006,German
225,JEN,13,136,3.5110147079999994,German
226,JET,21,252,1.438718772,German
227,JEU,1,9,0.6300000000000001,German
228,JOB,23,387,1.1990400964,German
229,JOD,5,62,0.8202565,German
230,JOT,2,21,0.6462,German
231,JUS,4,39,2.3208,German
232,JUX,18,327,4.20025488,German
233,KAI,14,135,1.397496,German
234,KAM,113,1679,3.2458922077200003,German
235,KAP,169,2765,2.09275591591,German
236,KAR,266,2975,5.417262140919999,German
237,KAT,452,5151,6.560370557740016,German
238,KAU,232,2631,5.121555465779996,German
239,KEA,2,15,0.5236000000000001,German
240,KEN,282,3190,3.210290952539998,German
241,KID,7,58,1.294924,German
242,KIR,64,669,1.8824191559199996,German
243,KLO,50,615,2.7300653604000003,German
244,KOG,12,130,2.6993400000000003,German
245,KOI,1,8,0.56,German
246,KOR,96,1126,4.740984331400001,German
247,KOS,144,1801,4.374908576519999,German
248,KOT,208,2619,6.023002191339999,German
249,KUH,0,0,0,German
250,KUR,122,1360,3.037743597240001,German
251,KUX,4,58,3.3000000000000003,German
252,LAB,128,1422,4.059266642139998,German
253,LAD,142,1392,2.824995205359999,German
254,LAG,222,2499,3.5763888658500007,German
255,LAR,39,458,0.58216841948,German
256,LAS,494,5045,4.469191759970002,German
257,LAU,341,3582,3.3906229231999983,German
258,LAX,25,388,2.352888690899999,German
259,LEB,168,1960,3.4566591424999986,German
260,LEG,126,1286,3.3797806496399994,German
261,LEI,409,4389,3.7278049842949974,German
262,LEK,193,3002,2.5528436168599997,German
263,LES,529,5286,4.495056393549998,German
264,LEU,25,252,0.207495696,German
265,LEW,2,14,0.91,German
266,LEX,18,320,1.0992110976,German
267,LID,113,1026,4.428436652549999,German
268,LOB,54,672,3.1966341356999997,German
269,LOG,120,1469,3.8785375638199993,German
270,LOH,102,1241,3.2277065836,German
271,LOK,136,2340,2.519982486395999,German
272,LOS,186,1952,3.626414166530002,German
273,LOT,183,1947,4.209479938860005,German
274,LUD,57,568,1.6088475943200005,German
275,LUG,67,627,3.0728853983,German
276,LUK,8,86,2.021927,German
277,LUS,197,1919,3.81639351946,German
278,LUV,18,218,3.23612572,German
279,LUX,0,0,0,German
280,MAG,57,594,1.22245271137,German
281,MAI,123,1178,4.274563177220002,German
282,MAL,202,2174,5.390543210099998,German
283,MAN,158,1555,2.81023399997,German
284,MAU,161,1565,3.30208632626,German
285,MET,146,1532,2.7368445023999985,German
286,MIR,12,129,1.570183644,German
287,MIT,147,1450,3.8128217321000015,German
288,MIX,22,334,3.463917900000001,German
289,MOA,20,191,1.8941238,German
290,MOB,19,262,0.9106947088000004,German
291,MOL,48,548,3.7081536888,German
292,MOP,69,1166,1.3101739850000005,German
293,MOX,17,275,4.310345160000001,German
294,MUD,20,182,1.1261049459000003,German
295,MUH,20,185,2.4841511400000003,German
296,MUR,68,636,2.1093460249799993,German
297,MUS,145,1364,5.539686082239997,German
298,MUT,207,1967,5.007328560839996,German
299,MYS,0,0,0,German
300,"NAG",41,338,1.4344294352999998,German
301,"NAH",69,680,2.4058203315199997,German
302,NET,116,944,1.5949232948749996,German
303,NEU,53,392,1.469023404599999,German
304,NID,22,159,0.8083858274999997,German
305,NIE,72,596,1.1482623323999994,German
306,NIX,3,35,1.9379999999999995,German
307,NOT,44,460,1.4082396217999995,German
308,NUR,0,0,0,German
309,NUT,62,544,1.0494973062,German
310,NYS,0,0,0,German
311,OBI,7,66,0.7825599999999999,German
312,OCH,198,2834,4.2392531896999985,German
313,ODE,405,4059,4.8386248703759955,German
314,ODS,36,318,2.38179962,German
315,OFT,29,331,1.1871896996499998,German
316,OHA,0,0,0,German
317,OHM,4,34,1.976,German
318,OHR,61,605,3.1194007957000007,German
319,OIE,16,117,0.835760568,German
320,OJE,25,330,1.2855715759999995,German
321,OLE,531,6202,3.0461312950010004,German
322,OLM,18,184,3.2372158,German
323,OMA,36,347,2.164814005,German
324,OMI,1,7,0.4900000000000001,German
325,ONS,55,453,1.65862289336,German
326,OPA,36,452,1.232839155,German
327,OPI,3,27,0.948,German
328,ORT,237,2420,3.3948808131399995,German
329,OST,468,4991,4.297967737979997,German
330,OUT,22,184,1.34020175,German
331,PAH,0,0,0,German
332,PAK,184,2756,4.847362948659999,German
333,PAL,80,917,3.650773862699999,German
334,PAN,115,1262,1.7075050554099989,German
335,PAR,168,1836,4.324467787440001,German
336,PAS,276,3203,4.186947799425,German
337,PAX,0,0,0,German
338,PER,311,3871,4.673707605316,German
339,PES,85,913,2.9371157883000003,German
340,PHI,1,8,0.56,German
341,PIK,204,3045,8.910710608819997,German
342,PIN,219,2459,4.418676258580003,German
343,PIS,171,2079,3.7028863404150014,German
344,PIZ,11,123,1.9759949999999995,German
345,PLI,20,216,1.1860806337199998,German
346,POF,49,691,3.651646315679999,German
347,POL,109,1415,4.486766550900001,German
348,POS,170,2061,5.217843375080002,German
349,POT,200,2369,6.122463039200003,German
350,PRO,74,990,1.1739006542600003,German
351,PSI,2,15,0.5236000000000001,German
352,PST,211,2610,2.8749915239120014,German
353,PUB,1,9,0.6300000000000001,German
354,PUD,0,0,0,German
355,PUH,91,1338,0.7535603572280001,German
356,PUL,128,1465,4.43539907296,German
357,PUR,72,751,2.617827342640002,German
358,QIS,0,0,0,German
359,QUA,100,1871,3.650689904459999,German
360,RAD,168,1418,2.825744787639999,German
361,RAG,194,1908,3.1417817415700005,German
362,RAH,281,3421,2.0734107759399985,German
363,RAI,61,466,1.4639003678,German
364,RAN,714,7183,3.3762539048249987,German
365,RAP,210,2656,2.0530748619699986,German
366,RAS,671,6265,3.8366814578249993,German
367,RAT,861,8461,4.166218353299999,German
368,RAU,602,5949,4.2819878914050005,German
369,RED,39,296,1.2064372103999998,German
370,REG,186,1806,1.84404433896,German
371,REH,255,2880,2.992750214779999,German
372,REN,1340,13606,5.031793673301,German
373,REP,9,74,1.93552,German
374,RES,463,4430,2.410650589719997,German
375,REU,112,914,2.0162180444699995,German
376,REX,9,111,2.7142691999999995,German
377,RHE,548,6526,2.4736367334960003,German
378,RHO,1,6,0.42,German
379,ROD,72,693,1.19954447958,German
380,ROH,58,575,2.4258344655999995,German
381,ROI,18,128,1.73960142,German
382,ROM,27,260,1.2749220049999996,German
383,ROT,277,2771,3.3250791865900005,German
384,RUF,110,1404,3.0917759105999996,German
385,RUH,163,1874,3.0738843668,German
386,RUM,86,840,3.2714658722800003,German
387,RUN,387,3702,3.131249967040002,German
388,RUS,313,2928,2.2610492995100002,German
389,RYE,3,43,0.840816,German
390,SAG,84,622,4.120192453599998,German
391,SAH,51,524,1.0118205107400002,German
392,SAM,90,993,2.576103134399999,German
393,SAU,222,1760,3.166825344439999,German
394,SAX,3,35,1.9379999999999995,German
395,SEC,114,1409,0.5172698019199996,German
396,SEH,241,2459,3.753902002839996,German
397,SEI,361,3524,2.3439074046499986,German
398,SEM,8,55,1.87842,German
399,SEN,1113,10772,3.803855972331997,German
400,SET,442,4198,1.909769814968,German
401,SEX,5,68,1.02173,German
402,SIC,225,2991,0.8151451425800006,German
403,SIE,491,5041,2.244520925017998,German
404,SIR,25,178,1.2007033852,German
405,SKA,41,433,1.3513579204000004,German
406,SKI,8,83,1.1955136000000002,German
407,SOD,54,470,1.9455622805,German
408,SOG,63,573,3.5779957128799995,German
409,SOL,84,782,3.6625572331099994,German
410,SOU,3,18,0.5447,German
411,SPA,188,2068,3.329146990329998,German
412,SUD,65,524,1.6569936387999993,German
413,SUR,160,1383,2.0775203760599994,German
414,TAB,71,618,2.6195439267200005,German
415,TAG,106,835,4.0962170321999984,German
416,TAI,5,38,0.6152000000000001,German
417,TAL,176,1908,2.7740605389400006,German
418,TAO,4,24,0.348564,German
419,TAU,223,1785,3.2791627962599987,German
420,TEX,22,313,0.8556051396,German
421,TIC,79,1074,0.8010553088000002,German
422,TIP,92,1213,1.5890336021699998,German
423,TJA,0,0,0,German
424,TOB,24,219,2.3706621400000008,German
425,TOD,4,22,1.244,German
426,TON,70,559,3.0792936985199995,German
427,TOP,117,1642,1.740857004464999,German
428,TOR,68,569,2.94772727888,German
429,TOS,120,1153,2.8967180592899977,German
430,TUE,393,3429,1.7779367278959988,German
431,TUN,208,1741,2.3266121492800003,German
432,TYP,20,362,5.23897888,German
433,UDS,18,139,0.6450338124999999,German
434,UFO,1,8,0.56,German
435,UHR,20,219,0.5915310954999999,German
436,ULK,30,312,3.334196,German
437,ULM,31,345,1.9916710288000004,German
438,UMS,88,889,1.97983706424,German
439,UND,151,1266,2.144640681739999,German
440,UNI,5,36,0.6366,German
441,UNK,149,1823,2.824739062899999,German
442,UNS,71,638,1.0536481623199998,German
443,UPS,64,917,0.7066214936000004,German
444,URE,561,5187,4.513324658167995,German
445,URS,99,903,1.3592990588999991,German
446,USO,4,33,0.7377,German
447,UZE,72,742,2.7878240345999994,German
448,UZT,13,94,2.3708267999999997,German
449,VAG,22,291,1.9701231584999996,German
450,VAN,1,9,0.6300000000000001,German
451,VIA,16,201,1.3620178914,German
452,VIF,10,142,2.343273,German
453,VOM,1,12,0.72,German
454,VON,5,57,0.7431197999999999,German
455,VOR,7,79,2.2946797,German
456,WAD,53,470,3.7763515067399993,German
457,WAG,26,243,2.408909340000001,German
458,WAL,100,1107,4.835924246999999,German
459,WAR,133,1316,4.0341793058999995,German
460,WAS,40,388,1.8644805164,German
461,WAT,163,1608,3.4815489561000006,German
462,WAU,4,26,1.488,German
463,WEB,61,664,4.0304376068,German
464,WEG,103,1087,3.0390853104999995,German
465,WEH,144,1575,4.74029338696,German
466,WEM,0,0,0,German
467,WEN,91,948,2.1352952041599997,German
468,WER,187,2011,3.306654113700001,German
469,WES,252,2602,3.8181507206,German
470,WIE,79,822,1.46023970546,German
471,WIR,67,683,1.8781572906,German
472,WOB,7,70,1.26984,German
473,WOG,22,225,2.4960759999999995,German
474,WOK,1,10,0.7000000000000001,German
475,WON,20,215,0.9230728344,German
476,WUT,66,666,1.1796636800800002,German
477,XIS,0,0,0,German
478,YAK,1,16,1.12,German
479,YEN,1,13,0.91,German
480,YIN,1,13,0.91,German
481,ZAG,40,383,2.2750067400000007,German
482,ZAR,12,106,0.5233860800000001,German
483,ZEA,2,13,0.3894,German
484,ZEH,101,1130,4.32184016332,German
485,ZEN,113,1277,1.7940200901200003,German
486,ZER,138,1367,2.3505546457599995,German
487,ZIG,36,395,1.39043449905,German
488,ZOG,2,17,0.5178,German
489,ZOT,36,376,1.6282929879000003,German
490,ZUG,49,503,3.393930085,German
491,ZUM,4,36,0.6051,German
492,ZUR,26,229,0.9029328684,German
493,ZWO,0,0,0,German
